AUTH_METHOD;TIMESTAMP;ACCOUNT_UID;ACCOUNT_NAME;ACCOUNT_EMAIL;ACCOUNT_ORGANIZATION_UID;ACCOUNT_ORGANIZATION_NAME;ACCOUNT_TAGS;FINDING_UID;PROVIDER;CHECK_ID;CHECK_TITLE;CHECK_TYPE;STATUS;STATUS_EXTENDED;MUTED;SERVICE_NAME;SUBSERVICE_NAME;SEVERITY;RESOURCE_TYPE;RESOURCE_UID;RESOURCE_NAME;RESOURCE_DETAILS;RESOURCE_TAGS;PARTITION;REGION;DESCRIPTION;RISK;RELATED_URL;REMEDIATION_RECOMMENDATION_TEXT;REMEDIATION_RECOMMENDATION_URL;REMEDIATION_CODE_NATIVEIAC;REMEDIATION_CODE_TERRAFORM;REMEDIATION_CODE_CLI;REMEDIATION_CODE_OTHER;COMPLIANCE;CATEGORIES;DEPENDS_ON;RELATED_TO;NOTES;PROWLER_VERSION;ADDITIONAL_URLS;ACCOUNT_OU_UID;ACCOUNT_OU_NAME
profile: None;2026-07-13 10:07:09.314863;415019016144;;;;;;prowler-aws-account_maintain_current_contact_details-415019016144-ap-southeast-2-415019016144;aws;account_maintain_current_contact_details;AWS account contact information is current;Software and Configuration Checks/Industry and Regulatory Standards/AWS Foundational Security Best Practices;MANUAL;Login to the AWS Console. Choose your account name on the top right of the window -> My Account -> Contact Information.;False;account;;medium;Other;arn:aws:iam::415019016144:root;415019016144;;;aws;ap-southeast-2;**AWS account contact information** is current for the **primary contact** and the **alternate contacts** for `security`, `billing`, and `operations`, with accurate email addresses and phone numbers.;"Outdated or single-person contacts delay **security notifications**, slow **incident response**, and complicate **account recovery**.

AWS may throttle services during abuse mitigation, reducing **availability**. Missed alerts enable ongoing misuse, risking **data exfiltration** and unauthorized changes (**integrity**).";;"Adopt:
- **Primary** and **alternate contacts** for `security`, `billing`, `operations`
- Shared, monitored aliases and SMS-capable phone numbers (non-personal)
- Centralized management across accounts with periodic reviews
- **Least privilege** for who can modify contact data
- Regular reachability tests and documented ownership";https://hub.prowler.com/check/account_maintain_current_contact_details;;"```hcl
# Set the Security alternate contact for the AWS account
resource ""aws_account_alternate_contact"" ""<example_resource_name>"" {
  alternate_contact_type = ""SECURITY""  # Critical: ensures AWS can reach your security team
  email_address          = ""<SECURITY_EMAIL>""  # Critical: contact destination
  name                   = ""<SECURITY_CONTACT_NAME>""
  phone_number           = ""<SECURITY_PHONE>""
  title                  = ""Security""
}
```";"aws account put-alternate-contact --alternate-contact-type=SECURITY --email-address=<SECURITY_EMAIL> --name=""<SECURITY_CONTACT_NAME>"" --phone-number=""<SECURITY_PHONE>"" --title=""Security""";"1. Sign in to the AWS Management Console
2. Open Billing and Cost Management, then click your account name > Account
3. Under Contact information, click Edit, update details, then Update
4. Under Alternate contacts, click Edit
5. Enter Security contact name, email, and phone (use a team alias), then Update
6. Repeat for Billing and Operations if needed";KISA-ISMS-P-2023-korean: 2.10.2 | C5-2025: IAM-03.01AS, IAM-06.06B, SSO-05.06B, SIM-01.03B, INQ-02.01B | ISO27001-2022: A.5.5 | AWS-AI-Security-Framework-1.0: AISF-GOV-03 | NIS2: 2.2.3, 3.5.3.a, 5.1.7.b | ENS-RD2022: op.ext.7.aws.am.1 | AWS-Account-Security-Onboarding: Billing, emergency, security contacts | CIS-1.4: 1.1 | CIS-7.0: 2.2 | CIS-4.0.1: 1.1 | CIS-5.0: 1.1 | CIS-3.0: 1.1 | CIS-1.5: 1.1 | AWS-Well-Architected-Framework-Security-Pillar: SEC03-BP03, SEC10-BP01 | CIS-2.0: 1.1 | KISA-ISMS-P-2023: 2.10.2 | CIS-6.0: 2.1;;;;;5.32.0;https://repost.aws/knowledge-center/update-phone-number | https://support.stax.io/docs/accounts/update-aws-account-contact-details | https://maartenbruntink.nl/blog/2022/09/26/aws-account-hygiene-101-mass-updating-alternate-account-contacts/ | https://docs.aws.amazon.com/security-ir/latest/userguide/update-account-contact-info.html | https://docs.aws.amazon.com/accounts/latest/reference/manage-acct-update-contact-primary.html | https://repost.aws/knowledge-center/add-update-billing-contact | https://aws.amazon.com/blogs/security/update-the-alternate-security-contact-across-your-aws-accounts-for-timely-security-notifications/ | https://docs.aws.amazon.com/organizations/latest/userguide/orgs_manage_accounts_update_contacts.html | https://docs.aws.amazon.com/accounts/latest/reference/manage-acct-update-contact-alternate.html;;
profile: None;2026-07-13 10:07:09.314863;415019016144;;;;;;prowler-aws-account_security_contact_information_is_registered-415019016144-ap-southeast-2-415019016144;aws;account_security_contact_information_is_registered;AWS account has security alternate contact registered;Software and Configuration Checks/AWS Security Best Practices | Software and Configuration Checks/Industry and Regulatory Standards/AWS Foundational Security Best Practices;MANUAL;Login to the AWS Console. Choose your account name on the top right of the window -> My Account -> Alternate Contacts -> Security Section.;False;account;;medium;Other;arn:aws:iam::415019016144:root;415019016144;;;aws;ap-southeast-2;Account settings contain a **Security alternate contact** in Alternate Contacts (name, `EmailAddress`, `PhoneNumber`) for targeted AWS security notifications.;"Missing or outdated **security contact** can delay or prevent AWS advisories from reaching responders, increasing risk to:
- Confidentiality: data exfiltration from undetected compromise
- Integrity: unauthorized changes persist longer
- Availability: resource abuse (e.g., cryptomining) and outages";;"Define and maintain a **Security alternate contact**:
- Use a monitored alias (e.g., `security@domain`) and team phone
- Apply to every account (prefer Org-wide automation)
- Review after org/personnel changes and test delivery
- Document ownership and escalation paths
Align with **incident response** and **least privilege** principles.";https://hub.prowler.com/check/account_security_contact_information_is_registered;;"```hcl
# Set the SECURITY alternate contact for the current AWS account
resource ""aws_account_alternate_contact"" ""<example_resource_name>"" {
  alternate_contact_type = ""SECURITY""  # Critical: sets Security contact type
  email_address          = ""security@example.com""  # Contact email
  name                   = ""Security Team""         # Contact name
  phone_number           = ""+1-555-0100""          # Contact phone
}
```";aws account put-alternate-contact --alternate-contact-type SECURITY --email-address <EMAIL_ADDRESS> --name <CONTACT_NAME> --phone-number <PHONE_NUMBER>;"1. Sign in to the AWS Management Console as the root user or an admin with account:PutAlternateContact
2. Click your account name (top-right) and select My Account (or Account)
3. Scroll to Alternate Contacts and click Edit in the Security section
4. Enter Security Email, Name, and Phone Number
5. Click Update (or Save changes)";KISA-ISMS-P-2023-korean: 2.10.2 | C5-2025: OIS-06.01B, SSO-05.06B, SIM-01.03B | ISO27001-2022: A.5.5 | AWS-AI-Security-Framework-1.0: AISF-GOV-03 | NIS2: 1.1.1.a, 1.2.3, 2.2.1, 3.1.2.d, 3.5.3.a, 5.1.7.b | AWS-Foundational-Security-Best-Practices: Account.1 | ENS-RD2022: op.ext.7.aws.am.1 | AWS-Account-Security-Onboarding: Billing, emergency, security contacts | CIS-1.4: 1.2 | CIS-7.0: 2.3 | CIS-4.0.1: 1.2 | CIS-5.0: 1.2 | CIS-3.0: 1.2 | CIS-1.5: 1.2 | PCI-4.0: A1.2.3.1 | AWS-Well-Architected-Framework-Security-Pillar: SEC03-BP03, SEC10-BP01 | CIS-2.0: 1.2 | KISA-ISMS-P-2023: 2.10.2 | CIS-6.0: 2.2;;;;;5.32.0;https://registry.terraform.io/providers/hashicorp/aws/latest/docs/resources/account_alternate_contact | https://support.icompaas.com/support/solutions/articles/62000234161-1-2-ensure-security-contact-information-is-registered-manual- | https://www.plerion.com/cloud-knowledge-base/ensure-security-contact-information-is-registered | https://repost.aws/articles/ARDFbpt-bvQ8iuErnqVVcCXQ/managing-aws-organization-alternate-contacts-via-csv;;
profile: None;2026-07-13 10:07:09.314863;415019016144;;;;;;prowler-aws-account_security_questions_are_registered_in_the_aws_account-415019016144-ap-southeast-2-415019016144;aws;account_security_questions_are_registered_in_the_aws_account;[DEPRECATED] AWS root user has security challenge questions configured;Software and Configuration Checks/AWS Security Best Practices;MANUAL;Login to the AWS Console as root. Choose your account name on the top right of the window -> My Account -> Configure Security Challenge Questions.;False;account;;medium;Other;arn:aws:iam::415019016144:root;415019016144;;;aws;ap-southeast-2;[DEPRECATED] **AWS account root** configuration may include legacy **security challenge questions** for support identity verification. This evaluates whether those questions are set on the account. *New configuration is discontinued by AWS and remaining support for this feature is time-limited.*;Absence of these questions can limit support-assisted recovery if root credentials or MFA are lost, reducing **availability** and slowing **incident response**. Reliance on KBA also weakens **confidentiality** due to **social engineering**. Treat this as a recovery gap and adopt stronger, phishing-resistant factors.;;"Favor stronger recovery instead of KBA:
- Enforce **MFA for root** and minimize root use
- Keep **alternate contacts** and root email current and protected
- Establish a tightly controlled **break-glass role**, applying least privilege and separation of duties
- Document and test recovery procedures; monitor root activity";https://hub.prowler.com/check/account_security_questions_are_registered_in_the_aws_account;;;;"1. Sign in to the AWS Management Console
2. Navigate to your AWS account settings page at https://console.aws.amazon.com/billing/home?#/account/
3. Scroll down to Configure Security Challenge Questions section and click the Edit link
4. Select three different questions made available by Amazon and provide appropriate answers
5. Store the answers in a secure but accessible location
6. Click the Update button to save the changes";KISA-ISMS-P-2023-korean: 2.5.1, 2.5.3, 2.10.2 | ENS-RD2022: op.ext.7.aws.am.1 | CIS-1.4: 1.3 | CIS-4.0.1: 1.3 | CIS-3.0: 1.3 | CIS-1.5: 1.3 | AWS-Well-Architected-Framework-Security-Pillar: SEC03-BP03, SEC10-BP01 | CIS-2.0: 1.3 | KISA-ISMS-P-2023: 2.5.1, 2.5.3, 2.10.2;;;;;5.32.0;https://www.trendmicro.com/trendaivisiononecloudriskmanagement/knowledge-base/aws/IAM/security-challenge-questions.html;;
profile: None;2026-07-13 10:07:09.314863;415019016144;;;;;;prowler-aws-config_delegated_admin_and_org_aggregator_all_regions-415019016144-ap-southeast-2-unknown;aws;config_delegated_admin_and_org_aggregator_all_regions;AWS Config has a delegated administrator and an organization aggregator covering all AWS regions;Software and Configuration Checks/AWS Security Best Practices | Software and Configuration Checks/Industry and Regulatory Standards/AWS Foundational Security Best Practices;FAIL;AWS Config has no Organization Aggregator configured in any region (delegated administrator status could not be determined).;False;config;;high;AwsConfigConfigurationAggregator;arn:aws:config:ap-southeast-2:415019016144:config-aggregator/unknown;unknown;;;aws;ap-southeast-2;**AWS Config** has a delegated administrator registered via AWS Organizations and at least one Configuration Aggregator with an OrganizationAggregationSource that covers all AWS regions, ensuring centralized org-wide configuration visibility.;Without an org-wide **AWS Config** aggregator and a delegated administrator, configuration data is fragmented across accounts and regions, **compliance reporting** is incomplete, and **drift detection** is delayed. Adversaries or misconfigurations can persist in unmonitored accounts, eroding **audit readiness** and **regulatory posture**.;;Register a **delegated administrator** for AWS Config via AWS Organizations and create at least one **Configuration Aggregator** with an OrganizationAggregationSource that covers **all AWS regions**. This centralizes configuration data across the organization for unified compliance and audit reporting.;https://hub.prowler.com/check/config_delegated_admin_and_org_aggregator_all_regions;;;aws organizations register-delegated-administrator --account-id <ADMIN_ACCOUNT_ID> --service-principal config.amazonaws.com && aws configservice put-configuration-aggregator --configuration-aggregator-name org-aggregator --organization-aggregation-source RoleArn=<ROLE_ARN>,AllAwsRegions=true;"1. From the AWS Organizations management account, register the delegated administrator for config.amazonaws.com
2. In the delegated admin account, open AWS Config
3. Create a Configuration Aggregator and select Add my organization as the source
4. Enable Include all AWS Regions
5. Confirm an IAM role with AWSConfigRoleForOrganizations is attached
6. Verify the aggregator status reaches SUCCEEDED for all member accounts";;forensics-ready;;config_recorder_all_regions_enabled | guardduty_delegated_admin_enabled_all_regions;This check requires execution from the organization management account or delegated administrator account to access organization-level APIs.;5.32.0;https://docs.aws.amazon.com/config/latest/developerguide/aggregate-data.html | https://docs.aws.amazon.com/config/latest/developerguide/set-up-aggregator-cli.html | https://docs.aws.amazon.com/organizations/latest/userguide/services-that-can-integrate-config.html;;
profile: None;2026-07-13 10:07:09.314863;415019016144;;;;;;prowler-aws-fms_policy_compliant-415019016144-us-east-1-415019016144;aws;fms_policy_compliant;All AWS FMS policies in the admin account are compliant for all accounts;Software and Configuration Checks/AWS Security Best Practices/Network Reachability | Software and Configuration Checks/Industry and Regulatory Standards/AWS Foundational Security Best Practices;FAIL;FMS without any compliant policy for account 415019016144.;False;fms;;medium;Other;arn:aws:fms:us-east-1:415019016144:policy;415019016144;;;aws;us-east-1;**Firewall Manager** policies in the administrator account are evaluated for organization-wide compliance. The assessment reviews each policy's account-level status and flags entries marked `NON_COMPLIANT` or unset. It also identifies when no effective policies exist within the administrator scope.;Policy drift or absence leaves in-scope resources without enforced controls, degrading **confidentiality**, **integrity**, and **availability**. Missing WAF, Shield, security group, or network firewall baselines can enable DDoS exposure, unsafe routes, and open access, leading to unauthorized entry and data exfiltration.;;Maintain centralized enforcement with **Firewall Manager**: define mandatory policies for all relevant accounts/resources, enable automatic remediation where appropriate, and continuously monitor compliance. Apply **least privilege** and **defense in depth** by standardizing web, network, and DNS protections and alerting on drift.;https://hub.prowler.com/check/fms_policy_compliant;;;;"1. Sign in to the AWS console with the Firewall Manager administrator account
2. Open Firewall Manager > Security policies
3. If no policies exist: Click Create policy, choose the policy type you use, set scope to All accounts, enable Automatic remediation, and create the policy
4. If policies exist with Noncompliant accounts: Open the policy > Edit > enable Automatic remediation and ensure scope includes All accounts > Save
5. In AWS Config (organization management account): Settings > Organization settings > Enable recording for all accounts and all regions > Save
6. Return to each Firewall Manager policy and verify Accounts within policy scope show Compliant";KISA-ISMS-P-2023-korean: 2.10.1, 2.10.2 | C5-2025: SP-01.04B, HR-01.01B, IAM-01.01B, IAM-01.04B | ENS-RD2022: mp.com.1.aws.nfw.2 | KISA-ISMS-P-2023: 2.10.1, 2.10.2;internet-exposed | trust-boundaries;;;;5.32.0;https://aws.amazon.com/firewall-manager/faqs/ | https://docs.aws.amazon.com/waf/latest/developerguide/getting-started-fms-intro.html | https://www.amazonaws.cn/en/firewall-manager/faqs/ | https://docs.aws.amazon.com/waf/latest/developerguide/fms-compliance.html;;
profile: None;2026-07-13 10:07:09.314863;415019016144;;;;;;prowler-aws-iam_password_policy_expires_passwords_within_90_days_or_less-415019016144-ap-southeast-2-415019016144;aws;iam_password_policy_expires_passwords_within_90_days_or_less;IAM account password policy enforces password expiration within 90 days or less;Software and Configuration Checks/Industry and Regulatory Standards/CIS AWS Foundations Benchmark;FAIL;Password expiration is not set.;False;iam;;medium;AwsIamPolicy;arn:aws:iam:ap-southeast-2:415019016144:password-policy;415019016144;;;aws;ap-southeast-2;"**IAM account password policy** sets a **password expiration period** for IAM user console logins; configuration is aligned when rotation is enabled and set to `<= 90` days.";Without rotation, stale passwords persist, enabling **credential stuffing**, **brute force**, and **password reuse** attacks. A compromised IAM user can retain console access, enabling **data exfiltration**, privilege escalation, and loss of **confidentiality** and **integrity**.;;Enforce **password rotation** at `<= 90` days and **prevent reuse**. Pair with **MFA**, strong length/complexity, and prefer **federation/SSO** to reduce static passwords. Apply **least privilege**, monitor sign-ins, and remove inactive console passwords to limit exposure.;https://hub.prowler.com/check/iam_password_policy_expires_passwords_within_90_days_or_less;"```yaml
# CloudFormation: Set IAM account password policy to expire passwords within 90 days
Resources:
  ExampleAccountPasswordPolicy:
    Type: AWS::IAM::AccountPasswordPolicy
    Properties:
      MaxPasswordAge: 90  # Critical: enforces password expiration in 90 days or less to pass the check
```";"```hcl
# Enforce IAM password expiration within 90 days
resource ""aws_iam_account_password_policy"" ""example"" {
  max_password_age = 90  # Critical: enforces password expiration <= 90 days to pass the check
}
```";aws iam update-account-password-policy --max-password-age 90;"1. In the AWS Console, go to IAM
2. Select Account settings
3. In Password policy, click Edit
4. Check Enable password expiration and set Password expiration period (days) to 90 or less
5. Click Save changes";SecNumCloud-3.2: 9.5 | ISO27001-2013: A.9.2.A, A.9.3.A, A.9.4.A | KISA-ISMS-P-2023-korean: 2.5.4, 2.10.2 | C5-2025: IAM-03.02B, IAM-08.03B, IAM-08.05B, PSS-07.01B | ISO27001-2022: A.5.15 | AWS-AI-Security-Framework-1.0: AISF-IAM-06 | NIS2: 1.1.1.d, 1.1.2, 9.2.c.v, 11.6.2.a | MITRE-ATTACK: T1078, T1110 | ProwlerThreatScore-1.0: 1.1.12 | AWS-Foundational-Security-Best-Practices: IAM.7, IAM.10 | ENS-RD2022: op.acc.6.aws.iam.3 | CCC-v2025.10: CCC.Core.CN05.AR02, CCC.IAM.CN05.AR01 | NIST-800-171-Revision-2: 3_5_5, 3_5_6, 3_5_7, 3_5_8 | AWS-Foundational-Technical-Review: IAM-003 | FedRAMP-20x-KSI-Low-25.05C: ksi-iam | PCI-4.0: 8.3.6.1, 8.6.3.2 | AWS-Well-Architected-Framework-Security-Pillar: SEC03-BP06 | KISA-ISMS-P-2023: 2.5.4, 2.10.2;identity-access;;;;5.32.0;https://docs.aws.amazon.com/IAM/latest/UserGuide/id_credentials_passwords_account-policy.html;;
profile: None;2026-07-13 10:07:09.314863;415019016144;;;;;;prowler-aws-iam_password_policy_lowercase-415019016144-ap-southeast-2-415019016144;aws;iam_password_policy_lowercase;IAM password policy requires at least one lowercase letter;Software and Configuration Checks/AWS Security Best Practices | Software and Configuration Checks/Industry and Regulatory Standards/CIS AWS Foundations Benchmark;FAIL;IAM password policy does not require at least one lowercase letter.;False;iam;;low;AwsIamPolicy;arn:aws:iam:ap-southeast-2:415019016144:password-policy;415019016144;;;aws;ap-southeast-2;**IAM password policy** requires at least one **lowercase** character in user passwords via the `Require lowercase` setting;Without a lowercase requirement, passwords have reduced entropy, making **brute force** and **password spraying** more effective. Compromised IAM users can enable unauthorized access and changes, risking **confidentiality**, **integrity**, and **availability** of AWS resources.;;"Adopt a strong password policy that:
- Enables `Require at least one lowercase letter` plus uppercase, number, and symbol
- Sets sufficient length and blocks reuse
- Requires **MFA** for all users
- Applies **least privilege** to limit blast radius";https://hub.prowler.com/check/iam_password_policy_lowercase;"```yaml
Resources:
  <example_resource_name>:
    Type: AWS::IAM::AccountPasswordPolicy
    Properties:
      RequireLowercaseCharacters: true  # Critical: Enforces at least one lowercase letter in passwords
```";"```hcl
resource ""aws_iam_account_password_policy"" ""<example_resource_name>"" {
  require_lowercase_characters = true  # Critical: Enforces at least one lowercase letter in passwords
}
```";aws iam update-account-password-policy --require-lowercase-characters;"1. In the AWS Console, open IAM
2. Go to Account settings
3. In Password policy, click Edit
4. Check ""Require at least one lowercase letter (a-z)""
5. Click Save changes";SecNumCloud-3.2: 9.5 | FFIEC: d3-pc-am-b-6, d3-pc-am-b-7 | ISO27001-2013: A.9.2.F, A.9.3.F, A.9.4.F | KISA-ISMS-P-2023-korean: 2.5.4, 2.10.2 | GDPR: article_25 | C5-2025: IAM-08.03B, PSS-07.01B | ISO27001-2022: A.5.15 | AWS-AI-Security-Framework-1.0: AISF-IAM-06 | NIS2: 9.2.c.v, 11.6.2.a | MITRE-ATTACK: T1078, T1110 | ProwlerThreatScore-1.0: 1.1.8 | AWS-Foundational-Security-Best-Practices: IAM.7, IAM.10 | HIPAA: 164_308_a_5_ii_d | ENS-RD2022: op.acc.6.r1.aws.iam.1 | CCC-v2025.10: CCC.Core.CN05.AR02, CCC.IAM.CN05.AR01 | NIST-800-171-Revision-2: 3_5_7 | GxP-21-CFR-Part-11: 11.10-d, 11.10-g, 11.200, 11.300-b | AWS-Foundational-Technical-Review: IAM-003 | FedRAMP-20x-KSI-Low-25.05C: ksi-iam | AWS-Well-Architected-Framework-Security-Pillar: SEC02-BP01 | KISA-ISMS-P-2023: 2.5.4, 2.10.2 | CISA: your-systems-3, your-surroundings-4;identity-access;;;;5.32.0;https://docs.aws.amazon.com/IAM/latest/UserGuide/id_credentials_passwords_account-policy.html;;
profile: None;2026-07-13 10:07:09.314863;415019016144;;;;;;prowler-aws-iam_password_policy_minimum_length_14-415019016144-ap-southeast-2-415019016144;aws;iam_password_policy_minimum_length_14;IAM password policy requires passwords to be at least 14 characters long;Software and Configuration Checks/Industry and Regulatory Standards/CIS AWS Foundations Benchmark | Software and Configuration Checks/Industry and Regulatory Standards/AWS Foundational Security Best Practices;FAIL;IAM password policy does not require minimum length of 14 characters.;False;iam;;medium;AwsIamPolicy;arn:aws:iam:ap-southeast-2:415019016144:password-policy;415019016144;;;aws;ap-southeast-2;**IAM password policy** is assessed for the **minimum password length** setting, confirming it meets `>= 14` characters for IAM console users.;Low minimum length reduces entropy, easing **brute force** and **credential stuffing**. Compromised IAM users enable console access, unauthorized changes, and lateral movement, leading to data exposure (confidentiality) and tampering (integrity).;;"Set the **minimum password length** to `>= 14` (prefer `16+`).
- Require mixed character types and prevent reuse
- Enforce **MFA** for all console users
- Prefer SSO over local IAM users
- Apply least privilege and monitor authentication events";https://hub.prowler.com/check/iam_password_policy_minimum_length_14;"```yaml
Resources:
  <example_resource_name>:
    Type: AWS::IAM::AccountPasswordPolicy
    Properties:
      MinimumPasswordLength: 14  # Critical: sets minimum password length to 14 to pass the check
```";"```hcl
resource ""aws_iam_account_password_policy"" ""<example_resource_name>"" {
  minimum_password_length = 14  # Critical: enforces minimum password length >=14
}
```";aws iam update-account-password-policy --minimum-password-length 14;"1. Sign in to the AWS Console and open IAM
2. Go to Account settings > Password policy and click Edit
3. Set Enforce minimum password length to 14
4. Click Save changes (and confirm Set custom if prompted)";SecNumCloud-3.2: 9.5, 10.3 | FFIEC: d3-pc-am-b-6, d3-pc-am-b-7 | ISO27001-2013: A.9.2.C, A.9.3.C, A.9.4.C | NIST-800-53-Revision-5: ac_2_1, ac_2_3_a, ac_2_3_b, ac_2_3_c, ac_2_3_d, ac_2_3, ac_2_d_1, ac_3_3, ac_3_3_a, ac_3_3_b_1, ac_3_3_b_2, ac_3_3_b_3, ac_3_3_b_4, ac_3_3_b_5, ac_3_3_c, ac_3_4, ac_3_4_a, ac_3_4_b, ac_3_4_c, ac_3_4_d, ac_3_4_e, ac_3_8, ac_3_12_a, ac_3_13, ac_3_15_a, ac_3_15_b, ac_4_28, ac_7_4, ac_7_4_a, ac_24, cm_5_1_a, cm_6_a, cm_9_b, cm_12_b, ia_4_d, ia_5, ia_5_b, ia_5_c, ia_5_d, ia_5_f, ia_5_h, ia_5_1_f, ia_5_1_g, ia_5_1_h, ia_5_1_h, ia_5_18_a, ia_5_18_b, ia_8_2_b, ma_4_c, sc_23_3 | KISA-ISMS-P-2023-korean: 2.5.4, 2.10.2 | GDPR: article_25 | C5-2025: IAM-08.03B, PSS-07.01B | ISO27001-2022: A.5.15 | AWS-AI-Security-Framework-1.0: AISF-IAM-06 | NIS2: 9.2.c.v | MITRE-ATTACK: T1078, T1110 | ProwlerThreatScore-1.0: 1.1.4 | FedRAMP-Low-Revision-4: ac-2, ia-2 | AWS-Foundational-Security-Best-Practices: IAM.7, IAM.10 | HIPAA: 164_308_a_5_ii_d | FedRamp-Moderate-Revision-4: ac-2-1, ac-2-f, ac-2-j, ac-2-3, ac-5-c, ia-2, ia-5-1-a-d-e, ia-5-4 | ENS-RD2022: op.acc.6.r1.aws.iam.1 | CIS-1.4: 1.8 | CCC-v2025.10: CCC.Core.CN05.AR02, CCC.IAM.CN05.AR01 | CIS-7.0: 2.8 | NIST-800-171-Revision-2: 3_5_7 | GxP-21-CFR-Part-11: 11.10-d, 11.10-g, 11.200, 11.300-b | CIS-4.0.1: 1.8 | AWS-Foundational-Technical-Review: IAM-003 | CIS-5.0: 1.7 | CIS-3.0: 1.8 | CIS-1.5: 1.8 | FedRAMP-20x-KSI-Low-25.05C: ksi-iam | AWS-Well-Architected-Framework-Security-Pillar: SEC02-BP01 | CIS-2.0: 1.8 | KISA-ISMS-P-2023: 2.5.4, 2.10.2 | CIS-6.0: 2.7 | CISA: your-systems-3, your-surroundings-4;identity-access;;;;5.32.0;https://docs.aws.amazon.com/config/latest/developerguide/iam-password-policy.html | https://docs.aws.amazon.com/IAM/latest/UserGuide/id_credentials_passwords_account-policy.html | https://docs.aws.amazon.com/sdk-for-ruby/v3/api/Aws/IAM/Resource.html;;
profile: None;2026-07-13 10:07:09.314863;415019016144;;;;;;prowler-aws-iam_password_policy_number-415019016144-ap-southeast-2-415019016144;aws;iam_password_policy_number;IAM password policy requires at least one number;Software and Configuration Checks/AWS Security Best Practices | Software and Configuration Checks/Industry and Regulatory Standards/AWS Foundational Security Best Practices | Software and Configuration Checks/Industry and Regulatory Standards/CIS AWS Foundations Benchmark;FAIL;IAM password policy does not require at least one number.;False;iam;;medium;AwsIamPolicy;arn:aws:iam:ap-southeast-2:415019016144:password-policy;415019016144;;;aws;ap-southeast-2;**IAM account password policy** requires at least one **numeric character** (`0-9`) in IAM user passwords;Passwords without numbers have lower entropy, making **brute-force** and **credential-stuffing** more effective. A compromised IAM user can gain console access, enabling data exposure (**confidentiality**), configuration changes (**integrity**), and resource abuse or deletion (**availability**).;;Enforce the password policy option to `require at least one number`. Combine with strong length, mixed case, and symbols, and prevent reuse. Enable **MFA** for all users and prefer **federated access** to limit static credentials, supporting **defense in depth** against guessing attacks.;https://hub.prowler.com/check/iam_password_policy_number;"```yaml
# CloudFormation: Enforce at least one number in IAM user passwords
Resources:
  <example_resource_name>:
    Type: AWS::IAM::AccountPasswordPolicy
    Properties:
      RequireNumbers: true  # Critical: requires at least one number in passwords
```";"```hcl
# Enforce at least one number in IAM user passwords
resource ""aws_iam_account_password_policy"" ""<example_resource_name>"" {
  require_numbers = true  # Critical: requires at least one number in passwords
}
```";aws iam update-account-password-policy --require-numbers;"1. Open the AWS Management Console and go to IAM
2. In the left menu, click Account settings
3. In Password policy, click Edit
4. Check Require at least one number
5. Click Save changes and confirm Set custom";SecNumCloud-3.2: 9.5, 10.3 | FFIEC: d3-pc-am-b-6, d3-pc-am-b-7 | ISO27001-2013: A.9.2.D, A.9.3.D, A.9.4.D | KISA-ISMS-P-2023-korean: 2.5.4, 2.10.2 | GDPR: article_25 | C5-2025: IAM-08.03B, IAM-08.05B, PSS-07.01B | ISO27001-2022: A.5.15 | AWS-AI-Security-Framework-1.0: AISF-IAM-06 | NIS2: 9.2.c.v | MITRE-ATTACK: T1078, T1110 | ProwlerThreatScore-1.0: 1.1.6 | AWS-Foundational-Security-Best-Practices: IAM.7, IAM.10 | HIPAA: 164_308_a_5_ii_d | ENS-RD2022: op.acc.6.r1.aws.iam.1 | CCC-v2025.10: CCC.Core.CN05.AR02, CCC.IAM.CN05.AR01 | NIST-800-171-Revision-2: 3_5_7 | GxP-21-CFR-Part-11: 11.10-d, 11.10-g, 11.200, 11.300-b | AWS-Foundational-Technical-Review: IAM-003 | FedRAMP-20x-KSI-Low-25.05C: ksi-iam | AWS-Well-Architected-Framework-Security-Pillar: SEC02-BP01 | KISA-ISMS-P-2023: 2.5.4, 2.10.2 | CISA: your-systems-3, your-surroundings-4;identity-access;;;;5.32.0;https://docs.aws.amazon.com/IAM/latest/UserGuide/id_credentials_passwords_account-policy.html;;
profile: None;2026-07-13 10:07:09.314863;415019016144;;;;;;prowler-aws-iam_password_policy_reuse_24-415019016144-ap-southeast-2-415019016144;aws;iam_password_policy_reuse_24;IAM password policy prevents reuse of the last 24 passwords;Software and Configuration Checks/AWS Security Best Practices | Software and Configuration Checks/Industry and Regulatory Standards/AWS Foundational Security Best Practices | Software and Configuration Checks/Industry and Regulatory Standards/CIS AWS Foundations Benchmark;FAIL;IAM password policy reuse prevention is less than 24 or not set.;False;iam;;medium;AwsIamPolicy;arn:aws:iam:ap-southeast-2:415019016144:password-policy;415019016144;;;aws;ap-southeast-2;**IAM account password policy** uses **password reuse prevention** set to `24` remembered passwords (maximum history) for IAM users;If fewer than `24` passwords are remembered, users can cycle back to recent secrets, undermining rotation. Attackers with previously exposed passwords can regain console access after a change, reducing **confidentiality** and **integrity** and increasing success of credential-stuffing with known credentials.;;Set the password policy to remember `24` previous passwords to block reuse. Combine with **MFA**, strong length and complexity, and avoid rotation practices that encourage predictable patterns. Apply **least privilege** and monitor authentication events as part of **defense in depth**.;https://hub.prowler.com/check/iam_password_policy_reuse_24;"```yaml
Resources:
  <example_resource_name>:
    Type: AWS::IAM::AccountPasswordPolicy
    Properties:
      PasswordReusePrevention: 24  # Critical: prevents reuse of the last 24 passwords
```";"```hcl
resource ""aws_iam_account_password_policy"" ""<example_resource_name>"" {
  password_reuse_prevention = 24  # Critical: require last 24 passwords cannot be reused
}
```";aws iam update-account-password-policy --password-reuse-prevention 24;"1. Open the AWS Management Console and go to IAM
2. In the left menu, select Account settings
3. In Password policy, click Edit
4. Select Custom (if not already)
5. Set Prevent password reuse to 24
6. Click Save changes";SecNumCloud-3.2: 9.5 | NIST-CSF-1.1: ac_1 | ISO27001-2013: A.9.2.B, A.9.3.B, A.9.4.B | RBI-Cyber-Security-Framework: annex_i_7_2 | KISA-ISMS-P-2023-korean: 2.5.4, 2.10.2 | GDPR: article_25 | C5-2025: IAM-01.03B, IAM-03.02B, IAM-03.03B, IAM-03.01AS, IAM-08.03B, IAM-08.05B, IAM-08.07B, PSS-07.01B | ISO27001-2022: A.5.15 | AWS-AI-Security-Framework-1.0: AISF-IAM-06 | NIS2: 9.2.c.v | MITRE-ATTACK: T1078, T1110 | ProwlerThreatScore-1.0: 1.1.5 | AWS-Foundational-Security-Best-Practices: IAM.7, IAM.10 | HIPAA: 164_308_a_4_ii_c, 164_308_a_5_ii_d, 164_312_d | ENS-RD2022: op.acc.6.r1.aws.iam.1 | CIS-1.4: 1.9 | CCC-v2025.10: CCC.Core.CN05.AR02, CCC.IAM.CN05.AR01 | CIS-7.0: 2.9 | NIST-800-171-Revision-2: 3_5_5, 3_5_6, 3_5_7, 3_5_8 | NIST-800-53-Revision-4: ac_2_1, ac_2, ia_2, ia_5_1, ia_5_4 | CIS-4.0.1: 1.9 | AWS-Foundational-Technical-Review: IAM-003 | CIS-5.0: 1.8 | CIS-3.0: 1.9 | CIS-1.5: 1.9 | FedRAMP-20x-KSI-Low-25.05C: ksi-iam | AWS-Well-Architected-Framework-Security-Pillar: SEC02-BP01 | PCI-3.2.1: 8.1, 8.1.4, 8.2, 8.2.3, 8.2.3.a, 8.2.3.b, 8.2.4, 8.2.4.a, 8.2.4.b, 8.2.5, 8.2.5.a, 8.2.5.b | CIS-2.0: 1.9 | KISA-ISMS-P-2023: 2.5.4, 2.10.2 | CIS-6.0: 2.8;identity-access;;;;5.32.0;https://docs.aws.amazon.com/IAM/latest/UserGuide/id_credentials_passwords_account-policy.html;;
profile: None;2026-07-13 10:07:09.314863;415019016144;;;;;;prowler-aws-iam_password_policy_symbol-415019016144-ap-southeast-2-415019016144;aws;iam_password_policy_symbol;IAM password policy requires at least one symbol;Software and Configuration Checks/AWS Security Best Practices | Software and Configuration Checks/Industry and Regulatory Standards/AWS Foundational Security Best Practices | Software and Configuration Checks/Industry and Regulatory Standards/CIS AWS Foundations Benchmark | TTPs/Credential Access;FAIL;IAM password policy does not require at least one symbol.;False;iam;;medium;AwsIamPolicy;arn:aws:iam:ap-southeast-2:415019016144:password-policy;415019016144;;;aws;ap-southeast-2;**IAM account password policy** includes the `Require at least one non-alphanumeric character` rule for IAM user passwords;Missing a **symbol requirement** lowers password entropy, increasing success of **brute force** and **credential stuffing** against console logins. A compromised IAM user can gain unauthorized access and modify resources, threatening **confidentiality** and **integrity** across the account.;;Enforce the `Require at least one non-alphanumeric character` rule in the **IAM password policy**, alongside strong minimum length, mixed character sets, and password reuse prevention. Apply **MFA** for all human users and uphold **least privilege** to limit impact. *Consider periodic rotation based on risk.*;https://hub.prowler.com/check/iam_password_policy_symbol;"```yaml
Resources:
  <example_resource_name>:
    Type: AWS::IAM::AccountPasswordPolicy
    Properties:
      RequireSymbols: true  # Critical: requires at least one symbol in passwords
```";"```hcl
resource ""aws_iam_account_password_policy"" ""<example_resource_name>"" {
  require_symbols = true  # Critical: require at least one symbol in passwords
}
```";aws iam update-account-password-policy --require-symbols;"1. In the AWS console, open IAM
2. Go to Account settings
3. Click Edit in the Password policy section
4. Check ""Require at least one non-alphanumeric character (symbol)""
5. Click Save changes";SecNumCloud-3.2: 9.5, 10.3 | FFIEC: d3-pc-am-b-6, d3-pc-am-b-7 | ISO27001-2013: A.9.2.E, A.9.3.E, A.9.4.E | KISA-ISMS-P-2023-korean: 2.5.4, 2.10.2 | GDPR: article_25 | C5-2025: IAM-08.03B, PSS-07.01B | ISO27001-2022: A.5.15 | AWS-AI-Security-Framework-1.0: AISF-IAM-06 | NIS2: 9.2.c.v | MITRE-ATTACK: T1078, T1110 | ProwlerThreatScore-1.0: 1.1.7 | AWS-Foundational-Security-Best-Practices: IAM.7, IAM.10 | HIPAA: 164_308_a_5_ii_d | ENS-RD2022: op.acc.6.r1.aws.iam.1 | CCC-v2025.10: CCC.Core.CN05.AR02, CCC.IAM.CN05.AR01 | NIST-800-171-Revision-2: 3_5_7 | GxP-21-CFR-Part-11: 11.10-d, 11.10-g, 11.200, 11.300-b | AWS-Foundational-Technical-Review: IAM-003 | FedRAMP-20x-KSI-Low-25.05C: ksi-iam | AWS-Well-Architected-Framework-Security-Pillar: SEC02-BP01 | KISA-ISMS-P-2023: 2.5.4, 2.10.2 | CISA: your-systems-3, your-surroundings-4;identity-access;;;;5.32.0;https://docs.aws.amazon.com/IAM/latest/UserGuide/id_credentials_passwords_account-policy.html;;
profile: None;2026-07-13 10:07:09.314863;415019016144;;;;;;prowler-aws-iam_password_policy_uppercase-415019016144-ap-southeast-2-415019016144;aws;iam_password_policy_uppercase;IAM password policy requires at least one uppercase letter;Software and Configuration Checks/AWS Security Best Practices | Software and Configuration Checks/Industry and Regulatory Standards/AWS Foundational Security Best Practices | Software and Configuration Checks/Industry and Regulatory Standards/CIS AWS Foundations Benchmark | Software and Configuration Checks/Industry and Regulatory Standards/NIST 800-53 Controls (USA) | Software and Configuration Checks/Industry and Regulatory Standards/PCI-DSS;FAIL;IAM password policy does not require at least one uppercase letter.;False;iam;;medium;AwsIamPolicy;arn:aws:iam:ap-southeast-2:415019016144:password-policy;415019016144;;;aws;ap-southeast-2;"**IAM account password policy** enforces the presence of **at least one uppercase letter** (`A-Z`) in IAM user passwords.

*This evaluates whether the uppercase complexity rule is enabled for console passwords.*";Without an uppercase requirement, passwords have lower entropy, enabling **brute force**, **credential stuffing**, and **offline cracking**. Compromised IAM users can access the console, threatening **confidentiality** (data exposure), **integrity** (unauthorized changes), and **availability** (resource deletion).;;Enable the uppercase rule within a **strong password policy** that also requires length, lowercase, numbers, and symbols. Pair with **MFA** and **least privilege** to reduce blast radius. Regularly review policy effectiveness and prefer **federated SSO** to minimize long-lived IAM passwords.;https://hub.prowler.com/check/iam_password_policy_uppercase;"```yaml
Resources:
  <example_resource_name>:
    Type: AWS::IAM::AccountPasswordPolicy
    Properties:
      RequireUppercaseCharacters: true  # Critical: enforce at least one uppercase letter
```";"```hcl
resource ""aws_iam_account_password_policy"" ""<example_resource_name>"" {
  require_uppercase_characters = true  # Critical: enforce at least one uppercase letter
}
```";aws iam update-account-password-policy --require-uppercase-characters;"1. In the AWS Console, go to IAM
2. Open Account settings > Password policy > Edit
3. Check ""Require at least one uppercase letter (A-Z)""
4. Click Save changes";SecNumCloud-3.2: 9.5 | FFIEC: d3-pc-am-b-6, d3-pc-am-b-7 | ISO27001-2013: A.9.2.G, A.9.3.G, A.9.4.G | KISA-ISMS-P-2023-korean: 2.5.4, 2.10.2 | GDPR: article_25 | C5-2025: IAM-08.03B, IAM-08.05B, PSS-07.01B | ISO27001-2022: A.5.15 | AWS-AI-Security-Framework-1.0: AISF-IAM-06 | NIS2: 9.2.c.v | MITRE-ATTACK: T1078, T1110 | ProwlerThreatScore-1.0: 1.1.9 | AWS-Foundational-Security-Best-Practices: IAM.7, IAM.10 | HIPAA: 164_308_a_5_ii_d | ENS-RD2022: op.acc.6.r1.aws.iam.1 | CCC-v2025.10: CCC.Core.CN05.AR02, CCC.IAM.CN05.AR01 | NIST-800-171-Revision-2: 3_5_7 | GxP-21-CFR-Part-11: 11.10-d, 11.10-g, 11.200, 11.300-b | AWS-Foundational-Technical-Review: IAM-003 | FedRAMP-20x-KSI-Low-25.05C: ksi-iam | AWS-Well-Architected-Framework-Security-Pillar: SEC02-BP01 | KISA-ISMS-P-2023: 2.5.4, 2.10.2 | CISA: your-systems-3, your-surroundings-4;identity-access;;;;5.32.0;https://docs.aws.amazon.com/IAM/latest/UserGuide/id_credentials_passwords_account-policy.html;;
profile: None;2026-07-13 10:07:09.314863;415019016144;;;;;;prowler-aws-sagemaker_models_monitor_enabled-415019016144-ap-southeast-2-SageMaker Monitoring Schedules;aws;sagemaker_models_monitor_enabled;Amazon SageMaker has a monitoring schedule scheduled;Software and Configuration Checks/AWS Security Best Practices | Software and Configuration Checks/Industry and Regulatory Standards/AWS Foundational Security Best Practices;FAIL;No SageMaker monitoring schedules found in region ap-southeast-2.;False;sagemaker;;low;Other;arn:aws:sagemaker:ap-southeast-2:415019016144:monitoring-schedule/unknown;SageMaker Monitoring Schedules;;;aws;ap-southeast-2;**SageMaker Models Monitor** detects data drift, model quality issues, and bias drift in production.;Without an **active monitoring schedule**, data drift, model quality issues, and bias drift go undetected, so **model quality degrades silently** while downstream decisions such as fraud detection, access control, and pricing keep relying on a degrading model.;;Enable **Amazon SageMaker Model Monitor** and keep at least one **monitoring schedule** in the `Scheduled` state so data quality, model quality, and bias drift are continuously evaluated against a baseline.;https://hub.prowler.com/check/sagemaker_models_monitor_enabled;;;;;;gen-ai;;;;5.32.0;https://docs.aws.amazon.com/sagemaker/latest/dg/model-monitor.html | https://docs.aws.amazon.com/sagemaker/latest/dg/model-monitor-scheduling.html;;
