PROVIDER;DESCRIPTION;ACCOUNTID;REGION;ASSESSMENTDATE;REQUIREMENTS_ID;REQUIREMENTS_DESCRIPTION;REQUIREMENTS_ATTRIBUTES_SECTION;REQUIREMENTS_ATTRIBUTES_FUNCTION;REQUIREMENTS_ATTRIBUTES_ASSETTYPE;REQUIREMENTS_ATTRIBUTES_IMPLEMENTATIONGROUPS;STATUS;STATUSEXTENDED;RESOURCEID;RESOURCENAME;CHECKID;MUTED;FRAMEWORK;NAME
aws;The CIS Critical Security Controls (CIS Controls) v8.1 are a prioritized set of Safeguards to mitigate the most prevalent cyber-attacks against systems and networks. They are organized into 18 top-level Controls and mapped to three Implementation Groups (IG1, IG2, IG3). This is a cross-provider mapping of Prowler checks to the CIS Controls Safeguards that can be assessed automatically against cloud and platform configurations.;415019016144;ap-southeast-2;2026-07-10 17:07:49.650816;17.2;Establish and maintain contact information for parties that need to be informed of security incidents. Contacts may include internal staff, service providers, law enforcement, cyber insurance providers, relevant government agencies, Information Sharing and Analysis Center (ISAC) partners, or other stakeholders. Verify contacts annually to ensure that information is up-to-date.;17. Incident Response Management;Govern;Documentation;IG1 | IG2 | IG3;MANUAL;Login to the AWS Console. Choose your account name on the top right of the window -> My Account -> Contact Information.;arn:aws:iam::415019016144:root;415019016144;account_maintain_current_contact_details;False;CIS-Controls;CIS Controls v8.1
aws;The CIS Critical Security Controls (CIS Controls) v8.1 are a prioritized set of Safeguards to mitigate the most prevalent cyber-attacks against systems and networks. They are organized into 18 top-level Controls and mapped to three Implementation Groups (IG1, IG2, IG3). This is a cross-provider mapping of Prowler checks to the CIS Controls Safeguards that can be assessed automatically against cloud and platform configurations.;415019016144;ap-southeast-2;2026-07-10 17:07:49.650816;17.2;Establish and maintain contact information for parties that need to be informed of security incidents. Contacts may include internal staff, service providers, law enforcement, cyber insurance providers, relevant government agencies, Information Sharing and Analysis Center (ISAC) partners, or other stakeholders. Verify contacts annually to ensure that information is up-to-date.;17. Incident Response Management;Govern;Documentation;IG1 | IG2 | IG3;MANUAL;Login to the AWS Console. Choose your account name on the top right of the window -> My Account -> Alternate Contacts -> Security Section.;arn:aws:iam::415019016144:root;415019016144;account_security_contact_information_is_registered;False;CIS-Controls;CIS Controls v8.1
aws;The CIS Critical Security Controls (CIS Controls) v8.1 are a prioritized set of Safeguards to mitigate the most prevalent cyber-attacks against systems and networks. They are organized into 18 top-level Controls and mapped to three Implementation Groups (IG1, IG2, IG3). This is a cross-provider mapping of Prowler checks to the CIS Controls Safeguards that can be assessed automatically against cloud and platform configurations.;415019016144;ap-southeast-2;2026-07-10 17:07:49.650816;8.9;Centralize, to the extent possible, audit log collection and retention across enterprise assets in accordance with the documented audit log management process. Example implementations primarily include leveraging a SIEM tool to centralize multiple log sources.;8. Audit Log Management;Detect;Data;IG2 | IG3;FAIL;AWS Config has no Organization Aggregator configured in any region (delegated administrator status could not be determined).;arn:aws:config:ap-southeast-2:415019016144:config-aggregator/unknown;unknown;config_delegated_admin_and_org_aggregator_all_regions;False;CIS-Controls;CIS Controls v8.1
aws;The CIS Critical Security Controls (CIS Controls) v8.1 are a prioritized set of Safeguards to mitigate the most prevalent cyber-attacks against systems and networks. They are organized into 18 top-level Controls and mapped to three Implementation Groups (IG1, IG2, IG3). This is a cross-provider mapping of Prowler checks to the CIS Controls Safeguards that can be assessed automatically against cloud and platform configurations.;415019016144;ap-southeast-2;2026-07-10 17:07:49.650816;5.2;Use unique passwords for all enterprise assets. Best practice implementation includes, at a minimum, an 8-character password for accounts using Multi-Factor Authentication (MFA) and a 14-character password for accounts not using MFA.;5. Account Management;Protect;Users;IG1 | IG2 | IG3;FAIL;IAM password policy does not require at least one lowercase letter.;arn:aws:iam:ap-southeast-2:415019016144:password-policy;415019016144;iam_password_policy_lowercase;False;CIS-Controls;CIS Controls v8.1
aws;The CIS Critical Security Controls (CIS Controls) v8.1 are a prioritized set of Safeguards to mitigate the most prevalent cyber-attacks against systems and networks. They are organized into 18 top-level Controls and mapped to three Implementation Groups (IG1, IG2, IG3). This is a cross-provider mapping of Prowler checks to the CIS Controls Safeguards that can be assessed automatically against cloud and platform configurations.;415019016144;ap-southeast-2;2026-07-10 17:07:49.650816;5.2;Use unique passwords for all enterprise assets. Best practice implementation includes, at a minimum, an 8-character password for accounts using Multi-Factor Authentication (MFA) and a 14-character password for accounts not using MFA.;5. Account Management;Protect;Users;IG1 | IG2 | IG3;FAIL;IAM password policy does not require minimum length of 14 characters.;arn:aws:iam:ap-southeast-2:415019016144:password-policy;415019016144;iam_password_policy_minimum_length_14;False;CIS-Controls;CIS Controls v8.1
aws;The CIS Critical Security Controls (CIS Controls) v8.1 are a prioritized set of Safeguards to mitigate the most prevalent cyber-attacks against systems and networks. They are organized into 18 top-level Controls and mapped to three Implementation Groups (IG1, IG2, IG3). This is a cross-provider mapping of Prowler checks to the CIS Controls Safeguards that can be assessed automatically against cloud and platform configurations.;415019016144;ap-southeast-2;2026-07-10 17:07:49.650816;5.2;Use unique passwords for all enterprise assets. Best practice implementation includes, at a minimum, an 8-character password for accounts using Multi-Factor Authentication (MFA) and a 14-character password for accounts not using MFA.;5. Account Management;Protect;Users;IG1 | IG2 | IG3;FAIL;IAM password policy does not require at least one number.;arn:aws:iam:ap-southeast-2:415019016144:password-policy;415019016144;iam_password_policy_number;False;CIS-Controls;CIS Controls v8.1
aws;The CIS Critical Security Controls (CIS Controls) v8.1 are a prioritized set of Safeguards to mitigate the most prevalent cyber-attacks against systems and networks. They are organized into 18 top-level Controls and mapped to three Implementation Groups (IG1, IG2, IG3). This is a cross-provider mapping of Prowler checks to the CIS Controls Safeguards that can be assessed automatically against cloud and platform configurations.;415019016144;ap-southeast-2;2026-07-10 17:07:49.650816;5.2;Use unique passwords for all enterprise assets. Best practice implementation includes, at a minimum, an 8-character password for accounts using Multi-Factor Authentication (MFA) and a 14-character password for accounts not using MFA.;5. Account Management;Protect;Users;IG1 | IG2 | IG3;FAIL;IAM password policy reuse prevention is less than 24 or not set.;arn:aws:iam:ap-southeast-2:415019016144:password-policy;415019016144;iam_password_policy_reuse_24;False;CIS-Controls;CIS Controls v8.1
aws;The CIS Critical Security Controls (CIS Controls) v8.1 are a prioritized set of Safeguards to mitigate the most prevalent cyber-attacks against systems and networks. They are organized into 18 top-level Controls and mapped to three Implementation Groups (IG1, IG2, IG3). This is a cross-provider mapping of Prowler checks to the CIS Controls Safeguards that can be assessed automatically against cloud and platform configurations.;415019016144;ap-southeast-2;2026-07-10 17:07:49.650816;5.2;Use unique passwords for all enterprise assets. Best practice implementation includes, at a minimum, an 8-character password for accounts using Multi-Factor Authentication (MFA) and a 14-character password for accounts not using MFA.;5. Account Management;Protect;Users;IG1 | IG2 | IG3;FAIL;IAM password policy does not require at least one symbol.;arn:aws:iam:ap-southeast-2:415019016144:password-policy;415019016144;iam_password_policy_symbol;False;CIS-Controls;CIS Controls v8.1
aws;The CIS Critical Security Controls (CIS Controls) v8.1 are a prioritized set of Safeguards to mitigate the most prevalent cyber-attacks against systems and networks. They are organized into 18 top-level Controls and mapped to three Implementation Groups (IG1, IG2, IG3). This is a cross-provider mapping of Prowler checks to the CIS Controls Safeguards that can be assessed automatically against cloud and platform configurations.;415019016144;ap-southeast-2;2026-07-10 17:07:49.650816;5.2;Use unique passwords for all enterprise assets. Best practice implementation includes, at a minimum, an 8-character password for accounts using Multi-Factor Authentication (MFA) and a 14-character password for accounts not using MFA.;5. Account Management;Protect;Users;IG1 | IG2 | IG3;FAIL;IAM password policy does not require at least one uppercase letter.;arn:aws:iam:ap-southeast-2:415019016144:password-policy;415019016144;iam_password_policy_uppercase;False;CIS-Controls;CIS Controls v8.1
aws;The CIS Critical Security Controls (CIS Controls) v8.1 are a prioritized set of Safeguards to mitigate the most prevalent cyber-attacks against systems and networks. They are organized into 18 top-level Controls and mapped to three Implementation Groups (IG1, IG2, IG3). This is a cross-provider mapping of Prowler checks to the CIS Controls Safeguards that can be assessed automatically against cloud and platform configurations.;;;2026-07-10 17:07:49.650816;1.2;Ensure that a process exists to address unauthorized assets on a weekly basis. The enterprise may choose to remove the asset from the network, deny the asset from connecting remotely to the network, or quarantine the asset.;1. Inventory and Control of Enterprise Assets;Respond;Devices;IG1 | IG2 | IG3;MANUAL;Manual check;manual_check;Manual check;manual;False;CIS-Controls;CIS Controls v8.1
aws;The CIS Critical Security Controls (CIS Controls) v8.1 are a prioritized set of Safeguards to mitigate the most prevalent cyber-attacks against systems and networks. They are organized into 18 top-level Controls and mapped to three Implementation Groups (IG1, IG2, IG3). This is a cross-provider mapping of Prowler checks to the CIS Controls Safeguards that can be assessed automatically against cloud and platform configurations.;;;2026-07-10 17:07:49.650816;1.3;Utilize an active discovery tool to identify assets connected to the enterprise's network. Configure the active discovery tool to execute daily, or more frequently.;1. Inventory and Control of Enterprise Assets;Detect;Devices;IG2 | IG3;MANUAL;Manual check;manual_check;Manual check;manual;False;CIS-Controls;CIS Controls v8.1
aws;The CIS Critical Security Controls (CIS Controls) v8.1 are a prioritized set of Safeguards to mitigate the most prevalent cyber-attacks against systems and networks. They are organized into 18 top-level Controls and mapped to three Implementation Groups (IG1, IG2, IG3). This is a cross-provider mapping of Prowler checks to the CIS Controls Safeguards that can be assessed automatically against cloud and platform configurations.;;;2026-07-10 17:07:49.650816;1.4;Use DHCP logging on all DHCP servers or Internet Protocol (IP) address management tools to update the enterprise's asset inventory. Review and use logs to update the enterprise's asset inventory weekly, or more frequently.;1. Inventory and Control of Enterprise Assets;Identify;Devices;IG2 | IG3;MANUAL;Manual check;manual_check;Manual check;manual;False;CIS-Controls;CIS Controls v8.1
aws;The CIS Critical Security Controls (CIS Controls) v8.1 are a prioritized set of Safeguards to mitigate the most prevalent cyber-attacks against systems and networks. They are organized into 18 top-level Controls and mapped to three Implementation Groups (IG1, IG2, IG3). This is a cross-provider mapping of Prowler checks to the CIS Controls Safeguards that can be assessed automatically against cloud and platform configurations.;;;2026-07-10 17:07:49.650816;1.5;Use a passive discovery tool to identify assets connected to the enterprise's network. Review and use scans to update the enterprise's asset inventory at least weekly, or more frequently.;1. Inventory and Control of Enterprise Assets;Detect;Devices;IG3;MANUAL;Manual check;manual_check;Manual check;manual;False;CIS-Controls;CIS Controls v8.1
aws;The CIS Critical Security Controls (CIS Controls) v8.1 are a prioritized set of Safeguards to mitigate the most prevalent cyber-attacks against systems and networks. They are organized into 18 top-level Controls and mapped to three Implementation Groups (IG1, IG2, IG3). This is a cross-provider mapping of Prowler checks to the CIS Controls Safeguards that can be assessed automatically against cloud and platform configurations.;;;2026-07-10 17:07:49.650816;2.1;"Establish and maintain a detailed inventory of all licensed software installed on enterprise assets. The software inventory must document the title, publisher, initial install/use date, and business purpose for each entry; where appropriate, include the Uniform Resource Locator (URL), app store(s), version(s), deployment mechanism, decommission date, and number of licenses. Review and update the software inventory bi-annually, or more frequently.";2. Inventory and Control of Software Assets;Identify;Software;IG1 | IG2 | IG3;MANUAL;Manual check;manual_check;Manual check;manual;False;CIS-Controls;CIS Controls v8.1
aws;The CIS Critical Security Controls (CIS Controls) v8.1 are a prioritized set of Safeguards to mitigate the most prevalent cyber-attacks against systems and networks. They are organized into 18 top-level Controls and mapped to three Implementation Groups (IG1, IG2, IG3). This is a cross-provider mapping of Prowler checks to the CIS Controls Safeguards that can be assessed automatically against cloud and platform configurations.;;;2026-07-10 17:07:49.650816;2.3;Ensure that unauthorized software is either removed from use on enterprise assets or receives a documented exception. Review monthly, or more frequently.;2. Inventory and Control of Software Assets;Respond;Software;IG1 | IG2 | IG3;MANUAL;Manual check;manual_check;Manual check;manual;False;CIS-Controls;CIS Controls v8.1
aws;The CIS Critical Security Controls (CIS Controls) v8.1 are a prioritized set of Safeguards to mitigate the most prevalent cyber-attacks against systems and networks. They are organized into 18 top-level Controls and mapped to three Implementation Groups (IG1, IG2, IG3). This is a cross-provider mapping of Prowler checks to the CIS Controls Safeguards that can be assessed automatically against cloud and platform configurations.;;;2026-07-10 17:07:49.650816;2.4;Utilize software inventory tools, when possible, throughout the enterprise to automate the discovery and documentation of installed software.;2. Inventory and Control of Software Assets;Detect;Software;IG2 | IG3;MANUAL;Manual check;manual_check;Manual check;manual;False;CIS-Controls;CIS Controls v8.1
aws;The CIS Critical Security Controls (CIS Controls) v8.1 are a prioritized set of Safeguards to mitigate the most prevalent cyber-attacks against systems and networks. They are organized into 18 top-level Controls and mapped to three Implementation Groups (IG1, IG2, IG3). This is a cross-provider mapping of Prowler checks to the CIS Controls Safeguards that can be assessed automatically against cloud and platform configurations.;;;2026-07-10 17:07:49.650816;2.5;Use technical controls, such as application allowlisting, to ensure that only authorized software can execute or be accessed. Reassess bi-annually, or more frequently.;2. Inventory and Control of Software Assets;Protect;Software;IG2 | IG3;MANUAL;Manual check;manual_check;Manual check;manual;False;CIS-Controls;CIS Controls v8.1
aws;The CIS Critical Security Controls (CIS Controls) v8.1 are a prioritized set of Safeguards to mitigate the most prevalent cyber-attacks against systems and networks. They are organized into 18 top-level Controls and mapped to three Implementation Groups (IG1, IG2, IG3). This is a cross-provider mapping of Prowler checks to the CIS Controls Safeguards that can be assessed automatically against cloud and platform configurations.;;;2026-07-10 17:07:49.650816;2.6;Use technical controls to ensure that only authorized software libraries, such as specific .dll, .ocx, and .so files, are allowed to load into a system process. Block unauthorized libraries from loading into a system process. Reassess bi-annually, or more frequently.;2. Inventory and Control of Software Assets;Protect;Software;IG2 | IG3;MANUAL;Manual check;manual_check;Manual check;manual;False;CIS-Controls;CIS Controls v8.1
aws;The CIS Critical Security Controls (CIS Controls) v8.1 are a prioritized set of Safeguards to mitigate the most prevalent cyber-attacks against systems and networks. They are organized into 18 top-level Controls and mapped to three Implementation Groups (IG1, IG2, IG3). This is a cross-provider mapping of Prowler checks to the CIS Controls Safeguards that can be assessed automatically against cloud and platform configurations.;;;2026-07-10 17:07:49.650816;2.7;Use technical controls, such as digital signatures and version control, to ensure that only authorized scripts, such as specific .ps1, and .py files are allowed to execute. Block unauthorized scripts from executing. Reassess bi-annually, or more frequently.;2. Inventory and Control of Software Assets;Protect;Software;IG3;MANUAL;Manual check;manual_check;Manual check;manual;False;CIS-Controls;CIS Controls v8.1
aws;The CIS Critical Security Controls (CIS Controls) v8.1 are a prioritized set of Safeguards to mitigate the most prevalent cyber-attacks against systems and networks. They are organized into 18 top-level Controls and mapped to three Implementation Groups (IG1, IG2, IG3). This is a cross-provider mapping of Prowler checks to the CIS Controls Safeguards that can be assessed automatically against cloud and platform configurations.;;;2026-07-10 17:07:49.650816;3.1;Establish and maintain a documented data management process. In the process, address data sensitivity, data owner, handling of data, data retention limits, and disposal requirements, based on sensitivity and retention standards for the enterprise. Review and update documentation annually, or when significant enterprise changes occur that could impact this Safeguard.;3. Data Protection;Govern;Data;IG1 | IG2 | IG3;MANUAL;Manual check;manual_check;Manual check;manual;False;CIS-Controls;CIS Controls v8.1
aws;The CIS Critical Security Controls (CIS Controls) v8.1 are a prioritized set of Safeguards to mitigate the most prevalent cyber-attacks against systems and networks. They are organized into 18 top-level Controls and mapped to three Implementation Groups (IG1, IG2, IG3). This is a cross-provider mapping of Prowler checks to the CIS Controls Safeguards that can be assessed automatically against cloud and platform configurations.;;;2026-07-10 17:07:49.650816;3.5;Securely dispose of data as outlined in the enterprise's documented data management process. Ensure the disposal process and method are commensurate with the data sensitivity.;3. Data Protection;Protect;Data;IG1 | IG2 | IG3;MANUAL;Manual check;manual_check;Manual check;manual;False;CIS-Controls;CIS Controls v8.1
aws;The CIS Critical Security Controls (CIS Controls) v8.1 are a prioritized set of Safeguards to mitigate the most prevalent cyber-attacks against systems and networks. They are organized into 18 top-level Controls and mapped to three Implementation Groups (IG1, IG2, IG3). This is a cross-provider mapping of Prowler checks to the CIS Controls Safeguards that can be assessed automatically against cloud and platform configurations.;;;2026-07-10 17:07:49.650816;3.6;Encrypt data on end-user devices containing sensitive data. Example implementations can include: Windows BitLocker®, Apple FileVault®, Linux® dm-crypt.;3. Data Protection;Protect;Data;IG1 | IG2 | IG3;MANUAL;Manual check;manual_check;Manual check;manual;False;CIS-Controls;CIS Controls v8.1
aws;The CIS Critical Security Controls (CIS Controls) v8.1 are a prioritized set of Safeguards to mitigate the most prevalent cyber-attacks against systems and networks. They are organized into 18 top-level Controls and mapped to three Implementation Groups (IG1, IG2, IG3). This is a cross-provider mapping of Prowler checks to the CIS Controls Safeguards that can be assessed automatically against cloud and platform configurations.;;;2026-07-10 17:07:49.650816;3.7;"Establish and maintain an overall data classification scheme for the enterprise. Enterprises may use labels, such as ""Sensitive,"" ""Confidential,"" and ""Public,"" and classify their data according to those labels. Review and update the classification scheme annually, or when significant enterprise changes occur that could impact this Safeguard.";3. Data Protection;Identify;Data;IG2 | IG3;MANUAL;Manual check;manual_check;Manual check;manual;False;CIS-Controls;CIS Controls v8.1
aws;The CIS Critical Security Controls (CIS Controls) v8.1 are a prioritized set of Safeguards to mitigate the most prevalent cyber-attacks against systems and networks. They are organized into 18 top-level Controls and mapped to three Implementation Groups (IG1, IG2, IG3). This is a cross-provider mapping of Prowler checks to the CIS Controls Safeguards that can be assessed automatically against cloud and platform configurations.;;;2026-07-10 17:07:49.650816;3.8;Document data flows. Data flow documentation includes service provider data flows and should be based on the enterprise's data management process. Review and update documentation annually, or when significant enterprise changes occur that could impact this Safeguard.;3. Data Protection;Identify;Data;IG2 | IG3;MANUAL;Manual check;manual_check;Manual check;manual;False;CIS-Controls;CIS Controls v8.1
aws;The CIS Critical Security Controls (CIS Controls) v8.1 are a prioritized set of Safeguards to mitigate the most prevalent cyber-attacks against systems and networks. They are organized into 18 top-level Controls and mapped to three Implementation Groups (IG1, IG2, IG3). This is a cross-provider mapping of Prowler checks to the CIS Controls Safeguards that can be assessed automatically against cloud and platform configurations.;;;2026-07-10 17:07:49.650816;3.9;Encrypt data on removable media.;3. Data Protection;Protect;Data;IG2 | IG3;MANUAL;Manual check;manual_check;Manual check;manual;False;CIS-Controls;CIS Controls v8.1
aws;The CIS Critical Security Controls (CIS Controls) v8.1 are a prioritized set of Safeguards to mitigate the most prevalent cyber-attacks against systems and networks. They are organized into 18 top-level Controls and mapped to three Implementation Groups (IG1, IG2, IG3). This is a cross-provider mapping of Prowler checks to the CIS Controls Safeguards that can be assessed automatically against cloud and platform configurations.;;;2026-07-10 17:07:49.650816;3.12;Segment data processing and storage based on the sensitivity of the data. Do not process sensitive data on enterprise assets intended for lower sensitivity data.;3. Data Protection;Protect;Data;IG2 | IG3;MANUAL;Manual check;manual_check;Manual check;manual;False;CIS-Controls;CIS Controls v8.1
aws;The CIS Critical Security Controls (CIS Controls) v8.1 are a prioritized set of Safeguards to mitigate the most prevalent cyber-attacks against systems and networks. They are organized into 18 top-level Controls and mapped to three Implementation Groups (IG1, IG2, IG3). This is a cross-provider mapping of Prowler checks to the CIS Controls Safeguards that can be assessed automatically against cloud and platform configurations.;;;2026-07-10 17:07:49.650816;4.1;Establish and maintain a documented secure configuration process for enterprise assets (end-user devices, including portable and mobile, non-computing/IoT devices, and servers) and software (operating systems and applications). Review and update documentation annually, or when significant enterprise changes occur that could impact this Safeguard.;4. Secure Configuration of Enterprise Assets and Software;Govern;Documentation;IG1 | IG2 | IG3;MANUAL;Manual check;manual_check;Manual check;manual;False;CIS-Controls;CIS Controls v8.1
aws;The CIS Critical Security Controls (CIS Controls) v8.1 are a prioritized set of Safeguards to mitigate the most prevalent cyber-attacks against systems and networks. They are organized into 18 top-level Controls and mapped to three Implementation Groups (IG1, IG2, IG3). This is a cross-provider mapping of Prowler checks to the CIS Controls Safeguards that can be assessed automatically against cloud and platform configurations.;;;2026-07-10 17:07:49.650816;4.2;Establish and maintain a documented secure configuration process for network devices. Review and update documentation annually, or when significant enterprise changes occur that could impact this Safeguard.;4. Secure Configuration of Enterprise Assets and Software;Govern;Documentation;IG1 | IG2 | IG3;MANUAL;Manual check;manual_check;Manual check;manual;False;CIS-Controls;CIS Controls v8.1
aws;The CIS Critical Security Controls (CIS Controls) v8.1 are a prioritized set of Safeguards to mitigate the most prevalent cyber-attacks against systems and networks. They are organized into 18 top-level Controls and mapped to three Implementation Groups (IG1, IG2, IG3). This is a cross-provider mapping of Prowler checks to the CIS Controls Safeguards that can be assessed automatically against cloud and platform configurations.;;;2026-07-10 17:07:49.650816;4.5;Implement and manage a host-based firewall or port-filtering tool on end-user devices, with a default-deny rule that drops all traffic except those services and ports that are explicitly allowed.;4. Secure Configuration of Enterprise Assets and Software;Protect;Devices;IG1 | IG2 | IG3;MANUAL;Manual check;manual_check;Manual check;manual;False;CIS-Controls;CIS Controls v8.1
aws;The CIS Critical Security Controls (CIS Controls) v8.1 are a prioritized set of Safeguards to mitigate the most prevalent cyber-attacks against systems and networks. They are organized into 18 top-level Controls and mapped to three Implementation Groups (IG1, IG2, IG3). This is a cross-provider mapping of Prowler checks to the CIS Controls Safeguards that can be assessed automatically against cloud and platform configurations.;;;2026-07-10 17:07:49.650816;4.8;Uninstall or disable unnecessary services on enterprise assets and software, such as an unused file sharing service, web application module, or service function.;4. Secure Configuration of Enterprise Assets and Software;Protect;Devices;IG2 | IG3;MANUAL;Manual check;manual_check;Manual check;manual;False;CIS-Controls;CIS Controls v8.1
aws;The CIS Critical Security Controls (CIS Controls) v8.1 are a prioritized set of Safeguards to mitigate the most prevalent cyber-attacks against systems and networks. They are organized into 18 top-level Controls and mapped to three Implementation Groups (IG1, IG2, IG3). This is a cross-provider mapping of Prowler checks to the CIS Controls Safeguards that can be assessed automatically against cloud and platform configurations.;;;2026-07-10 17:07:49.650816;4.9;Configure trusted DNS servers on network infrastructure. Example implementations include configuring network devices to use enterprise-controlled DNS servers and/or reputable externally accessible DNS servers.;4. Secure Configuration of Enterprise Assets and Software;Protect;Devices;IG2 | IG3;MANUAL;Manual check;manual_check;Manual check;manual;False;CIS-Controls;CIS Controls v8.1
aws;The CIS Critical Security Controls (CIS Controls) v8.1 are a prioritized set of Safeguards to mitigate the most prevalent cyber-attacks against systems and networks. They are organized into 18 top-level Controls and mapped to three Implementation Groups (IG1, IG2, IG3). This is a cross-provider mapping of Prowler checks to the CIS Controls Safeguards that can be assessed automatically against cloud and platform configurations.;;;2026-07-10 17:07:49.650816;4.10;"Enforce automatic device lockout following a predetermined threshold of local failed authentication attempts on portable end-user devices, where supported. For laptops, do not allow more than 20 failed authentication attempts; for tablets and smartphones, no more than 10 failed authentication attempts. Example implementations include Microsoft® InTune Device Lock and Apple® Configuration Profile maxFailedAttempts.";4. Secure Configuration of Enterprise Assets and Software;Protect;Devices;IG2 | IG3;MANUAL;Manual check;manual_check;Manual check;manual;False;CIS-Controls;CIS Controls v8.1
aws;The CIS Critical Security Controls (CIS Controls) v8.1 are a prioritized set of Safeguards to mitigate the most prevalent cyber-attacks against systems and networks. They are organized into 18 top-level Controls and mapped to three Implementation Groups (IG1, IG2, IG3). This is a cross-provider mapping of Prowler checks to the CIS Controls Safeguards that can be assessed automatically against cloud and platform configurations.;;;2026-07-10 17:07:49.650816;4.11;Remotely wipe enterprise data from enterprise-owned portable end-user devices when deemed appropriate such as lost or stolen devices, or when an individual no longer supports the enterprise.;4. Secure Configuration of Enterprise Assets and Software;Protect;Data;IG2 | IG3;MANUAL;Manual check;manual_check;Manual check;manual;False;CIS-Controls;CIS Controls v8.1
aws;The CIS Critical Security Controls (CIS Controls) v8.1 are a prioritized set of Safeguards to mitigate the most prevalent cyber-attacks against systems and networks. They are organized into 18 top-level Controls and mapped to three Implementation Groups (IG1, IG2, IG3). This is a cross-provider mapping of Prowler checks to the CIS Controls Safeguards that can be assessed automatically against cloud and platform configurations.;;;2026-07-10 17:07:49.650816;4.12;Ensure separate enterprise workspaces are used on mobile end-user devices, where supported. Example implementations include using an Apple® Configuration Profile or Android™ Work Profile to separate enterprise applications and data from personal applications and data.;4. Secure Configuration of Enterprise Assets and Software;Protect;Data;IG3;MANUAL;Manual check;manual_check;Manual check;manual;False;CIS-Controls;CIS Controls v8.1
aws;The CIS Critical Security Controls (CIS Controls) v8.1 are a prioritized set of Safeguards to mitigate the most prevalent cyber-attacks against systems and networks. They are organized into 18 top-level Controls and mapped to three Implementation Groups (IG1, IG2, IG3). This is a cross-provider mapping of Prowler checks to the CIS Controls Safeguards that can be assessed automatically against cloud and platform configurations.;;;2026-07-10 17:07:49.650816;5.1;Establish and maintain an inventory of all accounts managed in the enterprise. The inventory must at a minimum include user, administrator, and service accounts. The inventory, at a minimum, should contain the person's name, username, start/stop dates, and department. Validate that all active accounts are authorized, on a recurring schedule at a minimum quarterly, or more frequently.;5. Account Management;Identify;Users;IG1 | IG2 | IG3;MANUAL;Manual check;manual_check;Manual check;manual;False;CIS-Controls;CIS Controls v8.1
aws;The CIS Critical Security Controls (CIS Controls) v8.1 are a prioritized set of Safeguards to mitigate the most prevalent cyber-attacks against systems and networks. They are organized into 18 top-level Controls and mapped to three Implementation Groups (IG1, IG2, IG3). This is a cross-provider mapping of Prowler checks to the CIS Controls Safeguards that can be assessed automatically against cloud and platform configurations.;;;2026-07-10 17:07:49.650816;5.5;Establish and maintain an inventory of service accounts. The inventory, at a minimum, must contain department owner, review date, and purpose. Perform service account reviews to validate that all active accounts are authorized, on a recurring schedule at a minimum quarterly, or more frequently.;5. Account Management;Identify;Users;IG2 | IG3;MANUAL;Manual check;manual_check;Manual check;manual;False;CIS-Controls;CIS Controls v8.1
aws;The CIS Critical Security Controls (CIS Controls) v8.1 are a prioritized set of Safeguards to mitigate the most prevalent cyber-attacks against systems and networks. They are organized into 18 top-level Controls and mapped to three Implementation Groups (IG1, IG2, IG3). This is a cross-provider mapping of Prowler checks to the CIS Controls Safeguards that can be assessed automatically against cloud and platform configurations.;;;2026-07-10 17:07:49.650816;6.1;Establish and follow a documented process, preferably automated, for granting access to enterprise assets upon new hire or role change of a user.;6. Access Control Management;Govern;Documentation;IG1 | IG2 | IG3;MANUAL;Manual check;manual_check;Manual check;manual;False;CIS-Controls;CIS Controls v8.1
aws;The CIS Critical Security Controls (CIS Controls) v8.1 are a prioritized set of Safeguards to mitigate the most prevalent cyber-attacks against systems and networks. They are organized into 18 top-level Controls and mapped to three Implementation Groups (IG1, IG2, IG3). This is a cross-provider mapping of Prowler checks to the CIS Controls Safeguards that can be assessed automatically against cloud and platform configurations.;;;2026-07-10 17:07:49.650816;6.2;Establish and follow a process, preferably automated, for revoking access to enterprise assets, through disabling accounts immediately upon termination, rights revocation, or role change of a user. Disabling accounts, instead of deleting accounts, may be necessary to preserve audit trails.;6. Access Control Management;Govern;Documentation;IG1 | IG2 | IG3;MANUAL;Manual check;manual_check;Manual check;manual;False;CIS-Controls;CIS Controls v8.1
aws;The CIS Critical Security Controls (CIS Controls) v8.1 are a prioritized set of Safeguards to mitigate the most prevalent cyber-attacks against systems and networks. They are organized into 18 top-level Controls and mapped to three Implementation Groups (IG1, IG2, IG3). This is a cross-provider mapping of Prowler checks to the CIS Controls Safeguards that can be assessed automatically against cloud and platform configurations.;;;2026-07-10 17:07:49.650816;6.6;Establish and maintain an inventory of the enterprise's authentication and authorization systems, including those hosted on-site or at a remote service provider. Review and update the inventory, at a minimum, annually, or more frequently.;6. Access Control Management;Identify;Software;IG2 | IG3;MANUAL;Manual check;manual_check;Manual check;manual;False;CIS-Controls;CIS Controls v8.1
aws;The CIS Critical Security Controls (CIS Controls) v8.1 are a prioritized set of Safeguards to mitigate the most prevalent cyber-attacks against systems and networks. They are organized into 18 top-level Controls and mapped to three Implementation Groups (IG1, IG2, IG3). This is a cross-provider mapping of Prowler checks to the CIS Controls Safeguards that can be assessed automatically against cloud and platform configurations.;;;2026-07-10 17:07:49.650816;7.1;Establish and maintain a documented vulnerability management process for enterprise assets. Review and update documentation annually, or when significant enterprise changes occur that could impact this Safeguard.;7. Continuous Vulnerability Management;Govern;Documentation;IG1 | IG2 | IG3;MANUAL;Manual check;manual_check;Manual check;manual;False;CIS-Controls;CIS Controls v8.1
aws;The CIS Critical Security Controls (CIS Controls) v8.1 are a prioritized set of Safeguards to mitigate the most prevalent cyber-attacks against systems and networks. They are organized into 18 top-level Controls and mapped to three Implementation Groups (IG1, IG2, IG3). This is a cross-provider mapping of Prowler checks to the CIS Controls Safeguards that can be assessed automatically against cloud and platform configurations.;;;2026-07-10 17:07:49.650816;7.2;Establish and maintain a risk-based remediation strategy documented in a remediation process, with monthly, or more frequent, reviews.;7. Continuous Vulnerability Management;Govern;Documentation;IG1 | IG2 | IG3;MANUAL;Manual check;manual_check;Manual check;manual;False;CIS-Controls;CIS Controls v8.1
aws;The CIS Critical Security Controls (CIS Controls) v8.1 are a prioritized set of Safeguards to mitigate the most prevalent cyber-attacks against systems and networks. They are organized into 18 top-level Controls and mapped to three Implementation Groups (IG1, IG2, IG3). This is a cross-provider mapping of Prowler checks to the CIS Controls Safeguards that can be assessed automatically against cloud and platform configurations.;;;2026-07-10 17:07:49.650816;8.1;Establish and maintain a documented audit log management process that defines the enterprise's logging requirements. At a minimum, address the collection, review, and retention of audit logs for enterprise assets. Review and update documentation annually, or when significant enterprise changes occur that could impact this Safeguard.;8. Audit Log Management;Govern;Documentation;IG1 | IG2 | IG3;MANUAL;Manual check;manual_check;Manual check;manual;False;CIS-Controls;CIS Controls v8.1
aws;The CIS Critical Security Controls (CIS Controls) v8.1 are a prioritized set of Safeguards to mitigate the most prevalent cyber-attacks against systems and networks. They are organized into 18 top-level Controls and mapped to three Implementation Groups (IG1, IG2, IG3). This is a cross-provider mapping of Prowler checks to the CIS Controls Safeguards that can be assessed automatically against cloud and platform configurations.;;;2026-07-10 17:07:49.650816;8.3;Ensure that logging destinations maintain adequate storage to comply with the enterprise's audit log management process.;8. Audit Log Management;Protect;Data;IG1 | IG2 | IG3;MANUAL;Manual check;manual_check;Manual check;manual;False;CIS-Controls;CIS Controls v8.1
aws;The CIS Critical Security Controls (CIS Controls) v8.1 are a prioritized set of Safeguards to mitigate the most prevalent cyber-attacks against systems and networks. They are organized into 18 top-level Controls and mapped to three Implementation Groups (IG1, IG2, IG3). This is a cross-provider mapping of Prowler checks to the CIS Controls Safeguards that can be assessed automatically against cloud and platform configurations.;;;2026-07-10 17:07:49.650816;8.4;Standardize time synchronization. Configure at least two synchronized time sources across enterprise assets, where supported.;8. Audit Log Management;Protect;Network;IG2 | IG3;MANUAL;Manual check;manual_check;Manual check;manual;False;CIS-Controls;CIS Controls v8.1
aws;The CIS Critical Security Controls (CIS Controls) v8.1 are a prioritized set of Safeguards to mitigate the most prevalent cyber-attacks against systems and networks. They are organized into 18 top-level Controls and mapped to three Implementation Groups (IG1, IG2, IG3). This is a cross-provider mapping of Prowler checks to the CIS Controls Safeguards that can be assessed automatically against cloud and platform configurations.;;;2026-07-10 17:07:49.650816;8.7;Collect URL request audit logs on enterprise assets, where appropriate and supported.;8. Audit Log Management;Detect;Data;IG2 | IG3;MANUAL;Manual check;manual_check;Manual check;manual;False;CIS-Controls;CIS Controls v8.1
aws;The CIS Critical Security Controls (CIS Controls) v8.1 are a prioritized set of Safeguards to mitigate the most prevalent cyber-attacks against systems and networks. They are organized into 18 top-level Controls and mapped to three Implementation Groups (IG1, IG2, IG3). This is a cross-provider mapping of Prowler checks to the CIS Controls Safeguards that can be assessed automatically against cloud and platform configurations.;;;2026-07-10 17:07:49.650816;8.8;Collect command-line audit logs. Example implementations include collecting audit logs from PowerShell®, BASH™, and remote administrative terminals.;8. Audit Log Management;Detect;Data;IG2 | IG3;MANUAL;Manual check;manual_check;Manual check;manual;False;CIS-Controls;CIS Controls v8.1
aws;The CIS Critical Security Controls (CIS Controls) v8.1 are a prioritized set of Safeguards to mitigate the most prevalent cyber-attacks against systems and networks. They are organized into 18 top-level Controls and mapped to three Implementation Groups (IG1, IG2, IG3). This is a cross-provider mapping of Prowler checks to the CIS Controls Safeguards that can be assessed automatically against cloud and platform configurations.;;;2026-07-10 17:07:49.650816;9.1;Ensure only fully supported browsers and email clients are allowed to execute in the enterprise, only using the latest version of browsers and email clients provided through the vendor.;9. Email and Web Browser Protections;Protect;Software;IG1 | IG2 | IG3;MANUAL;Manual check;manual_check;Manual check;manual;False;CIS-Controls;CIS Controls v8.1
aws;The CIS Critical Security Controls (CIS Controls) v8.1 are a prioritized set of Safeguards to mitigate the most prevalent cyber-attacks against systems and networks. They are organized into 18 top-level Controls and mapped to three Implementation Groups (IG1, IG2, IG3). This is a cross-provider mapping of Prowler checks to the CIS Controls Safeguards that can be assessed automatically against cloud and platform configurations.;;;2026-07-10 17:07:49.650816;9.2;Use DNS filtering services on all end-user devices, including remote and on-premises assets, to block access to known malicious domains.;9. Email and Web Browser Protections;Protect;Devices;IG1 | IG2 | IG3;MANUAL;Manual check;manual_check;Manual check;manual;False;CIS-Controls;CIS Controls v8.1
aws;The CIS Critical Security Controls (CIS Controls) v8.1 are a prioritized set of Safeguards to mitigate the most prevalent cyber-attacks against systems and networks. They are organized into 18 top-level Controls and mapped to three Implementation Groups (IG1, IG2, IG3). This is a cross-provider mapping of Prowler checks to the CIS Controls Safeguards that can be assessed automatically against cloud and platform configurations.;;;2026-07-10 17:07:49.650816;9.3;Enforce and update network-based URL filters to limit an enterprise asset from connecting to potentially malicious or unapproved websites. Example implementations include category-based filtering, reputation-based filtering, or through the use of block lists. Enforce filters for all enterprise assets.;9. Email and Web Browser Protections;Protect;Network;IG2 | IG3;MANUAL;Manual check;manual_check;Manual check;manual;False;CIS-Controls;CIS Controls v8.1
aws;The CIS Critical Security Controls (CIS Controls) v8.1 are a prioritized set of Safeguards to mitigate the most prevalent cyber-attacks against systems and networks. They are organized into 18 top-level Controls and mapped to three Implementation Groups (IG1, IG2, IG3). This is a cross-provider mapping of Prowler checks to the CIS Controls Safeguards that can be assessed automatically against cloud and platform configurations.;;;2026-07-10 17:07:49.650816;9.4;Restrict, either through uninstalling or disabling, any unauthorized or unnecessary browser or email client plugins, extensions, and add-on applications.;9. Email and Web Browser Protections;Protect;Software;IG2 | IG3;MANUAL;Manual check;manual_check;Manual check;manual;False;CIS-Controls;CIS Controls v8.1
aws;The CIS Critical Security Controls (CIS Controls) v8.1 are a prioritized set of Safeguards to mitigate the most prevalent cyber-attacks against systems and networks. They are organized into 18 top-level Controls and mapped to three Implementation Groups (IG1, IG2, IG3). This is a cross-provider mapping of Prowler checks to the CIS Controls Safeguards that can be assessed automatically against cloud and platform configurations.;;;2026-07-10 17:07:49.650816;9.6;Block unnecessary file types attempting to enter the enterprise's email gateway.;9. Email and Web Browser Protections;Protect;Network;IG2 | IG3;MANUAL;Manual check;manual_check;Manual check;manual;False;CIS-Controls;CIS Controls v8.1
aws;The CIS Critical Security Controls (CIS Controls) v8.1 are a prioritized set of Safeguards to mitigate the most prevalent cyber-attacks against systems and networks. They are organized into 18 top-level Controls and mapped to three Implementation Groups (IG1, IG2, IG3). This is a cross-provider mapping of Prowler checks to the CIS Controls Safeguards that can be assessed automatically against cloud and platform configurations.;;;2026-07-10 17:07:49.650816;9.7;Deploy and maintain email server anti-malware protections, such as attachment scanning and/or sandboxing.;9. Email and Web Browser Protections;Protect;Network;IG3;MANUAL;Manual check;manual_check;Manual check;manual;False;CIS-Controls;CIS Controls v8.1
aws;The CIS Critical Security Controls (CIS Controls) v8.1 are a prioritized set of Safeguards to mitigate the most prevalent cyber-attacks against systems and networks. They are organized into 18 top-level Controls and mapped to three Implementation Groups (IG1, IG2, IG3). This is a cross-provider mapping of Prowler checks to the CIS Controls Safeguards that can be assessed automatically against cloud and platform configurations.;;;2026-07-10 17:07:49.650816;10.2;Configure automatic updates for anti-malware signature files on all enterprise assets.;10. Malware Defenses;Protect;Devices;IG1 | IG2 | IG3;MANUAL;Manual check;manual_check;Manual check;manual;False;CIS-Controls;CIS Controls v8.1
aws;The CIS Critical Security Controls (CIS Controls) v8.1 are a prioritized set of Safeguards to mitigate the most prevalent cyber-attacks against systems and networks. They are organized into 18 top-level Controls and mapped to three Implementation Groups (IG1, IG2, IG3). This is a cross-provider mapping of Prowler checks to the CIS Controls Safeguards that can be assessed automatically against cloud and platform configurations.;;;2026-07-10 17:07:49.650816;10.3;Disable autorun and autoplay auto-execute functionality for removable media.;10. Malware Defenses;Protect;Devices;IG1 | IG2 | IG3;MANUAL;Manual check;manual_check;Manual check;manual;False;CIS-Controls;CIS Controls v8.1
aws;The CIS Critical Security Controls (CIS Controls) v8.1 are a prioritized set of Safeguards to mitigate the most prevalent cyber-attacks against systems and networks. They are organized into 18 top-level Controls and mapped to three Implementation Groups (IG1, IG2, IG3). This is a cross-provider mapping of Prowler checks to the CIS Controls Safeguards that can be assessed automatically against cloud and platform configurations.;;;2026-07-10 17:07:49.650816;10.4;Configure anti-malware software to automatically scan removable media.;10. Malware Defenses;Detect;Devices;IG2 | IG3;MANUAL;Manual check;manual_check;Manual check;manual;False;CIS-Controls;CIS Controls v8.1
aws;The CIS Critical Security Controls (CIS Controls) v8.1 are a prioritized set of Safeguards to mitigate the most prevalent cyber-attacks against systems and networks. They are organized into 18 top-level Controls and mapped to three Implementation Groups (IG1, IG2, IG3). This is a cross-provider mapping of Prowler checks to the CIS Controls Safeguards that can be assessed automatically against cloud and platform configurations.;;;2026-07-10 17:07:49.650816;10.5;Enable anti-exploitation features on enterprise assets and software, where possible, such as Microsoft® Data Execution Prevention (DEP), Windows® Defender Exploit Guard (WDEG), or Apple® System Integrity Protection (SIP) and Gatekeeper™.;10. Malware Defenses;Protect;Devices;IG2 | IG3;MANUAL;Manual check;manual_check;Manual check;manual;False;CIS-Controls;CIS Controls v8.1
aws;The CIS Critical Security Controls (CIS Controls) v8.1 are a prioritized set of Safeguards to mitigate the most prevalent cyber-attacks against systems and networks. They are organized into 18 top-level Controls and mapped to three Implementation Groups (IG1, IG2, IG3). This is a cross-provider mapping of Prowler checks to the CIS Controls Safeguards that can be assessed automatically against cloud and platform configurations.;;;2026-07-10 17:07:49.650816;11.1;Establish and maintain a documented data recovery process that includes detailed backup procedures. In the process, address the scope of data recovery activities, recovery prioritization, and the security of backup data. Review and update documentation annually, or when significant enterprise changes occur that could impact this Safeguard.;11. Data Recovery;Govern;Documentation;IG1 | IG2 | IG3;MANUAL;Manual check;manual_check;Manual check;manual;False;CIS-Controls;CIS Controls v8.1
aws;The CIS Critical Security Controls (CIS Controls) v8.1 are a prioritized set of Safeguards to mitigate the most prevalent cyber-attacks against systems and networks. They are organized into 18 top-level Controls and mapped to three Implementation Groups (IG1, IG2, IG3). This is a cross-provider mapping of Prowler checks to the CIS Controls Safeguards that can be assessed automatically against cloud and platform configurations.;;;2026-07-10 17:07:49.650816;11.5;Test backup recovery quarterly, or more frequently, for a sampling of in-scope enterprise assets.;11. Data Recovery;Recover;Data;IG2 | IG3;MANUAL;Manual check;manual_check;Manual check;manual;False;CIS-Controls;CIS Controls v8.1
aws;The CIS Critical Security Controls (CIS Controls) v8.1 are a prioritized set of Safeguards to mitigate the most prevalent cyber-attacks against systems and networks. They are organized into 18 top-level Controls and mapped to three Implementation Groups (IG1, IG2, IG3). This is a cross-provider mapping of Prowler checks to the CIS Controls Safeguards that can be assessed automatically against cloud and platform configurations.;;;2026-07-10 17:07:49.650816;12.1;Ensure network infrastructure is kept up-to-date. Example implementations include running the latest stable release of software and/or using currently supported network as a service (Naas) offerings. Review software versions monthly, or more frequently, to verify software support.;12. Network Infrastructure Management;Protect;Network;IG1 | IG2 | IG3;MANUAL;Manual check;manual_check;Manual check;manual;False;CIS-Controls;CIS Controls v8.1
aws;The CIS Critical Security Controls (CIS Controls) v8.1 are a prioritized set of Safeguards to mitigate the most prevalent cyber-attacks against systems and networks. They are organized into 18 top-level Controls and mapped to three Implementation Groups (IG1, IG2, IG3). This is a cross-provider mapping of Prowler checks to the CIS Controls Safeguards that can be assessed automatically against cloud and platform configurations.;;;2026-07-10 17:07:49.650816;12.3;Securely manage network infrastructure. Example implementations include version-controlled Infrastructure-as-Code (IaC), and the use of secure network protocols, such as SSH and HTTPS.;12. Network Infrastructure Management;Protect;Network;IG2 | IG3;MANUAL;Manual check;manual_check;Manual check;manual;False;CIS-Controls;CIS Controls v8.1
aws;The CIS Critical Security Controls (CIS Controls) v8.1 are a prioritized set of Safeguards to mitigate the most prevalent cyber-attacks against systems and networks. They are organized into 18 top-level Controls and mapped to three Implementation Groups (IG1, IG2, IG3). This is a cross-provider mapping of Prowler checks to the CIS Controls Safeguards that can be assessed automatically against cloud and platform configurations.;;;2026-07-10 17:07:49.650816;12.4;Establish and maintain architecture diagram(s) and/or other network system documentation. Review and update documentation annually, or when significant enterprise changes occur that could impact this Safeguard.;12. Network Infrastructure Management;Govern;Documentation;IG2 | IG3;MANUAL;Manual check;manual_check;Manual check;manual;False;CIS-Controls;CIS Controls v8.1
aws;The CIS Critical Security Controls (CIS Controls) v8.1 are a prioritized set of Safeguards to mitigate the most prevalent cyber-attacks against systems and networks. They are organized into 18 top-level Controls and mapped to three Implementation Groups (IG1, IG2, IG3). This is a cross-provider mapping of Prowler checks to the CIS Controls Safeguards that can be assessed automatically against cloud and platform configurations.;;;2026-07-10 17:07:49.650816;12.5;Centralize network AAA.;12. Network Infrastructure Management;Protect;Network;IG2 | IG3;MANUAL;Manual check;manual_check;Manual check;manual;False;CIS-Controls;CIS Controls v8.1
aws;The CIS Critical Security Controls (CIS Controls) v8.1 are a prioritized set of Safeguards to mitigate the most prevalent cyber-attacks against systems and networks. They are organized into 18 top-level Controls and mapped to three Implementation Groups (IG1, IG2, IG3). This is a cross-provider mapping of Prowler checks to the CIS Controls Safeguards that can be assessed automatically against cloud and platform configurations.;;;2026-07-10 17:07:49.650816;12.6;Adopt secure network management protocols (e.g., 802.1X) and secure communication protocols (e.g., Wi-Fi Protected Access 2 (WPA2) Enterprise or more secure alternatives).;12. Network Infrastructure Management;Protect;Network;IG2 | IG3;MANUAL;Manual check;manual_check;Manual check;manual;False;CIS-Controls;CIS Controls v8.1
aws;The CIS Critical Security Controls (CIS Controls) v8.1 are a prioritized set of Safeguards to mitigate the most prevalent cyber-attacks against systems and networks. They are organized into 18 top-level Controls and mapped to three Implementation Groups (IG1, IG2, IG3). This is a cross-provider mapping of Prowler checks to the CIS Controls Safeguards that can be assessed automatically against cloud and platform configurations.;;;2026-07-10 17:07:49.650816;12.8;Establish and maintain dedicated computing resources, either physically or logically separated, for all administrative tasks or tasks requiring administrative access. The computing resources should be segmented from the enterprise's primary network and not be allowed internet access.;12. Network Infrastructure Management;Protect;Devices;IG3;MANUAL;Manual check;manual_check;Manual check;manual;False;CIS-Controls;CIS Controls v8.1
aws;The CIS Critical Security Controls (CIS Controls) v8.1 are a prioritized set of Safeguards to mitigate the most prevalent cyber-attacks against systems and networks. They are organized into 18 top-level Controls and mapped to three Implementation Groups (IG1, IG2, IG3). This is a cross-provider mapping of Prowler checks to the CIS Controls Safeguards that can be assessed automatically against cloud and platform configurations.;;;2026-07-10 17:07:49.650816;13.2;Deploy a host-based intrusion detection solution on enterprise assets, where appropriate and/or supported.;13. Network Monitoring and Defense;Detect;Devices;IG2 | IG3;MANUAL;Manual check;manual_check;Manual check;manual;False;CIS-Controls;CIS Controls v8.1
aws;The CIS Critical Security Controls (CIS Controls) v8.1 are a prioritized set of Safeguards to mitigate the most prevalent cyber-attacks against systems and networks. They are organized into 18 top-level Controls and mapped to three Implementation Groups (IG1, IG2, IG3). This is a cross-provider mapping of Prowler checks to the CIS Controls Safeguards that can be assessed automatically against cloud and platform configurations.;;;2026-07-10 17:07:49.650816;13.5;Manage access control for assets remotely connecting to enterprise resources. Determine amount of access to enterprise resources based on: up-to-date anti-malware software installed, configuration compliance with the enterprise's secure configuration process, and ensuring the operating system and applications are up-to-date.;13. Network Monitoring and Defense;Protect;Devices;IG2 | IG3;MANUAL;Manual check;manual_check;Manual check;manual;False;CIS-Controls;CIS Controls v8.1
aws;The CIS Critical Security Controls (CIS Controls) v8.1 are a prioritized set of Safeguards to mitigate the most prevalent cyber-attacks against systems and networks. They are organized into 18 top-level Controls and mapped to three Implementation Groups (IG1, IG2, IG3). This is a cross-provider mapping of Prowler checks to the CIS Controls Safeguards that can be assessed automatically against cloud and platform configurations.;;;2026-07-10 17:07:49.650816;13.7;Deploy a host-based intrusion prevention solution on enterprise assets, where appropriate and/or supported. Example implementations include use of an Endpoint Detection and Response (EDR) client or host-based IPS agent.;13. Network Monitoring and Defense;Protect;Devices;IG3;MANUAL;Manual check;manual_check;Manual check;manual;False;CIS-Controls;CIS Controls v8.1
aws;The CIS Critical Security Controls (CIS Controls) v8.1 are a prioritized set of Safeguards to mitigate the most prevalent cyber-attacks against systems and networks. They are organized into 18 top-level Controls and mapped to three Implementation Groups (IG1, IG2, IG3). This is a cross-provider mapping of Prowler checks to the CIS Controls Safeguards that can be assessed automatically against cloud and platform configurations.;;;2026-07-10 17:07:49.650816;13.9;Deploy port-level access control. Port-level access control utilizes 802.1x, or similar network access control protocols, such as certificates, and may incorporate user and/or device authentication.;13. Network Monitoring and Defense;Protect;Network;IG3;MANUAL;Manual check;manual_check;Manual check;manual;False;CIS-Controls;CIS Controls v8.1
aws;The CIS Critical Security Controls (CIS Controls) v8.1 are a prioritized set of Safeguards to mitigate the most prevalent cyber-attacks against systems and networks. They are organized into 18 top-level Controls and mapped to three Implementation Groups (IG1, IG2, IG3). This is a cross-provider mapping of Prowler checks to the CIS Controls Safeguards that can be assessed automatically against cloud and platform configurations.;;;2026-07-10 17:07:49.650816;13.11;Tune security event alerting thresholds monthly, or more frequently.;13. Network Monitoring and Defense;Detect;Network;IG3;MANUAL;Manual check;manual_check;Manual check;manual;False;CIS-Controls;CIS Controls v8.1
aws;The CIS Critical Security Controls (CIS Controls) v8.1 are a prioritized set of Safeguards to mitigate the most prevalent cyber-attacks against systems and networks. They are organized into 18 top-level Controls and mapped to three Implementation Groups (IG1, IG2, IG3). This is a cross-provider mapping of Prowler checks to the CIS Controls Safeguards that can be assessed automatically against cloud and platform configurations.;;;2026-07-10 17:07:49.650816;14.1;Establish and maintain a security awareness program. The purpose of a security awareness program is to educate the enterprise's workforce on how to interact with enterprise assets and data in a secure manner. Conduct training at hire and, at a minimum, annually. Review and update content annually, or when significant enterprise changes occur that could impact this Safeguard.;14. Security Awareness and Skills Training;Govern;Documentation;IG1 | IG2 | IG3;MANUAL;Manual check;manual_check;Manual check;manual;False;CIS-Controls;CIS Controls v8.1
aws;The CIS Critical Security Controls (CIS Controls) v8.1 are a prioritized set of Safeguards to mitigate the most prevalent cyber-attacks against systems and networks. They are organized into 18 top-level Controls and mapped to three Implementation Groups (IG1, IG2, IG3). This is a cross-provider mapping of Prowler checks to the CIS Controls Safeguards that can be assessed automatically against cloud and platform configurations.;;;2026-07-10 17:07:49.650816;14.2;Train workforce members to recognize social engineering attacks, such as phishing, business email compromise (BEC), pretexting, and tailgating.;14. Security Awareness and Skills Training;Protect;Users;IG1 | IG2 | IG3;MANUAL;Manual check;manual_check;Manual check;manual;False;CIS-Controls;CIS Controls v8.1
aws;The CIS Critical Security Controls (CIS Controls) v8.1 are a prioritized set of Safeguards to mitigate the most prevalent cyber-attacks against systems and networks. They are organized into 18 top-level Controls and mapped to three Implementation Groups (IG1, IG2, IG3). This is a cross-provider mapping of Prowler checks to the CIS Controls Safeguards that can be assessed automatically against cloud and platform configurations.;;;2026-07-10 17:07:49.650816;14.3;Train workforce members on authentication best practices. Example topics include MFA, password composition, and credential management.;14. Security Awareness and Skills Training;Protect;Users;IG1 | IG2 | IG3;MANUAL;Manual check;manual_check;Manual check;manual;False;CIS-Controls;CIS Controls v8.1
aws;The CIS Critical Security Controls (CIS Controls) v8.1 are a prioritized set of Safeguards to mitigate the most prevalent cyber-attacks against systems and networks. They are organized into 18 top-level Controls and mapped to three Implementation Groups (IG1, IG2, IG3). This is a cross-provider mapping of Prowler checks to the CIS Controls Safeguards that can be assessed automatically against cloud and platform configurations.;;;2026-07-10 17:07:49.650816;14.4;Train workforce members on how to identify and properly store, transfer, archive, and destroy sensitive data. This also includes training workforce members on clear screen and desk best practices, such as locking their screen when they step away from their enterprise asset, erasing physical and virtual whiteboards at the end of meetings, and storing data and assets securely.;14. Security Awareness and Skills Training;Protect;Users;IG1 | IG2 | IG3;MANUAL;Manual check;manual_check;Manual check;manual;False;CIS-Controls;CIS Controls v8.1
aws;The CIS Critical Security Controls (CIS Controls) v8.1 are a prioritized set of Safeguards to mitigate the most prevalent cyber-attacks against systems and networks. They are organized into 18 top-level Controls and mapped to three Implementation Groups (IG1, IG2, IG3). This is a cross-provider mapping of Prowler checks to the CIS Controls Safeguards that can be assessed automatically against cloud and platform configurations.;;;2026-07-10 17:07:49.650816;14.5;Train workforce members to be aware of causes for unintentional data exposure. Example topics include mis-delivery of sensitive data, losing a portable end-user device, or publishing data to unintended audiences.;14. Security Awareness and Skills Training;Protect;Users;IG1 | IG2 | IG3;MANUAL;Manual check;manual_check;Manual check;manual;False;CIS-Controls;CIS Controls v8.1
aws;The CIS Critical Security Controls (CIS Controls) v8.1 are a prioritized set of Safeguards to mitigate the most prevalent cyber-attacks against systems and networks. They are organized into 18 top-level Controls and mapped to three Implementation Groups (IG1, IG2, IG3). This is a cross-provider mapping of Prowler checks to the CIS Controls Safeguards that can be assessed automatically against cloud and platform configurations.;;;2026-07-10 17:07:49.650816;14.6;Train workforce members to be able to recognize a potential incident and be able to report such an incident.;14. Security Awareness and Skills Training;Protect;Users;IG1 | IG2 | IG3;MANUAL;Manual check;manual_check;Manual check;manual;False;CIS-Controls;CIS Controls v8.1
aws;The CIS Critical Security Controls (CIS Controls) v8.1 are a prioritized set of Safeguards to mitigate the most prevalent cyber-attacks against systems and networks. They are organized into 18 top-level Controls and mapped to three Implementation Groups (IG1, IG2, IG3). This is a cross-provider mapping of Prowler checks to the CIS Controls Safeguards that can be assessed automatically against cloud and platform configurations.;;;2026-07-10 17:07:49.650816;14.7;Train workforce to understand how to verify and report out-of-date software patches or any failures in automated processes and tools. Part of this training should include notifying IT personnel of any failures in automated processes and tools.;14. Security Awareness and Skills Training;Protect;Users;IG1 | IG2 | IG3;MANUAL;Manual check;manual_check;Manual check;manual;False;CIS-Controls;CIS Controls v8.1
aws;The CIS Critical Security Controls (CIS Controls) v8.1 are a prioritized set of Safeguards to mitigate the most prevalent cyber-attacks against systems and networks. They are organized into 18 top-level Controls and mapped to three Implementation Groups (IG1, IG2, IG3). This is a cross-provider mapping of Prowler checks to the CIS Controls Safeguards that can be assessed automatically against cloud and platform configurations.;;;2026-07-10 17:07:49.650816;14.8;Train workforce members on the dangers of connecting to, and transmitting data over, insecure networks for enterprise activities. If the enterprise has remote workers, training must include guidance to ensure that all users securely configure their home network infrastructure.;14. Security Awareness and Skills Training;Protect;Users;IG1 | IG2 | IG3;MANUAL;Manual check;manual_check;Manual check;manual;False;CIS-Controls;CIS Controls v8.1
aws;The CIS Critical Security Controls (CIS Controls) v8.1 are a prioritized set of Safeguards to mitigate the most prevalent cyber-attacks against systems and networks. They are organized into 18 top-level Controls and mapped to three Implementation Groups (IG1, IG2, IG3). This is a cross-provider mapping of Prowler checks to the CIS Controls Safeguards that can be assessed automatically against cloud and platform configurations.;;;2026-07-10 17:07:49.650816;14.9;Conduct role-specific security awareness and skills training. Example implementations include secure system administration courses for IT professionals, OWASP® Top 10 vulnerability awareness and prevention training for web application developers, and advanced social engineering awareness training for high-profile roles.;14. Security Awareness and Skills Training;Protect;Users;IG2 | IG3;MANUAL;Manual check;manual_check;Manual check;manual;False;CIS-Controls;CIS Controls v8.1
aws;The CIS Critical Security Controls (CIS Controls) v8.1 are a prioritized set of Safeguards to mitigate the most prevalent cyber-attacks against systems and networks. They are organized into 18 top-level Controls and mapped to three Implementation Groups (IG1, IG2, IG3). This is a cross-provider mapping of Prowler checks to the CIS Controls Safeguards that can be assessed automatically against cloud and platform configurations.;;;2026-07-10 17:07:49.650816;15.1;Establish and maintain an inventory of service providers. The inventory is to list all known service providers, include classification(s), and designate an enterprise contact for each service provider. Review and update the inventory annually, or when significant enterprise changes occur that could impact this Safeguard.;15. Service Provider Management;Identify;Users;IG1 | IG2 | IG3;MANUAL;Manual check;manual_check;Manual check;manual;False;CIS-Controls;CIS Controls v8.1
aws;The CIS Critical Security Controls (CIS Controls) v8.1 are a prioritized set of Safeguards to mitigate the most prevalent cyber-attacks against systems and networks. They are organized into 18 top-level Controls and mapped to three Implementation Groups (IG1, IG2, IG3). This is a cross-provider mapping of Prowler checks to the CIS Controls Safeguards that can be assessed automatically against cloud and platform configurations.;;;2026-07-10 17:07:49.650816;15.2;Establish and maintain a service provider management policy. Ensure the policy addresses the classification, inventory, assessment, monitoring, and decommissioning of service providers. Review and update the policy annually, or when significant enterprise changes occur that could impact this Safeguard.;15. Service Provider Management;Govern;Documentation;IG2 | IG3;MANUAL;Manual check;manual_check;Manual check;manual;False;CIS-Controls;CIS Controls v8.1
aws;The CIS Critical Security Controls (CIS Controls) v8.1 are a prioritized set of Safeguards to mitigate the most prevalent cyber-attacks against systems and networks. They are organized into 18 top-level Controls and mapped to three Implementation Groups (IG1, IG2, IG3). This is a cross-provider mapping of Prowler checks to the CIS Controls Safeguards that can be assessed automatically against cloud and platform configurations.;;;2026-07-10 17:07:49.650816;15.3;Classify service providers. Classification consideration may include one or more characteristics, such as data sensitivity, data volume, availability requirements, applicable regulations, inherent risk, and mitigated risk. Update and review classifications annually, or when significant enterprise changes occur that could impact this Safeguard.;15. Service Provider Management;Govern;Users;IG2 | IG3;MANUAL;Manual check;manual_check;Manual check;manual;False;CIS-Controls;CIS Controls v8.1
aws;The CIS Critical Security Controls (CIS Controls) v8.1 are a prioritized set of Safeguards to mitigate the most prevalent cyber-attacks against systems and networks. They are organized into 18 top-level Controls and mapped to three Implementation Groups (IG1, IG2, IG3). This is a cross-provider mapping of Prowler checks to the CIS Controls Safeguards that can be assessed automatically against cloud and platform configurations.;;;2026-07-10 17:07:49.650816;15.4;Ensure service provider contracts include security requirements. Example requirements may include minimum security program requirements, security incident and/or data breach notification and response, data encryption requirements, and data disposal commitments. These security requirements must be consistent with the enterprise's service provider management policy. Review service provider contracts annually to ensure contracts are not missing security requirements.;15. Service Provider Management;Govern;Documentation;IG2 | IG3;MANUAL;Manual check;manual_check;Manual check;manual;False;CIS-Controls;CIS Controls v8.1
aws;The CIS Critical Security Controls (CIS Controls) v8.1 are a prioritized set of Safeguards to mitigate the most prevalent cyber-attacks against systems and networks. They are organized into 18 top-level Controls and mapped to three Implementation Groups (IG1, IG2, IG3). This is a cross-provider mapping of Prowler checks to the CIS Controls Safeguards that can be assessed automatically against cloud and platform configurations.;;;2026-07-10 17:07:49.650816;15.5;Assess service providers consistent with the enterprise's service provider management policy. Assessment scope may vary based on classification(s), and may include review of standardized assessment reports, such as Service Organization Control 2 (SOC 2) and Payment Card Industry (PCI) Attestation of Compliance (AoC), customized questionnaires, or other appropriately rigorous processes. Reassess service providers annually, at a minimum, or with new and renewed contracts.;15. Service Provider Management;Govern;Users;IG3;MANUAL;Manual check;manual_check;Manual check;manual;False;CIS-Controls;CIS Controls v8.1
aws;The CIS Critical Security Controls (CIS Controls) v8.1 are a prioritized set of Safeguards to mitigate the most prevalent cyber-attacks against systems and networks. They are organized into 18 top-level Controls and mapped to three Implementation Groups (IG1, IG2, IG3). This is a cross-provider mapping of Prowler checks to the CIS Controls Safeguards that can be assessed automatically against cloud and platform configurations.;;;2026-07-10 17:07:49.650816;15.6;Monitor service providers consistent with the enterprise's service provider management policy. Monitoring may include periodic reassessment of service provider compliance, monitoring service provider release notes, and dark web monitoring.;15. Service Provider Management;Govern;Data;IG3;MANUAL;Manual check;manual_check;Manual check;manual;False;CIS-Controls;CIS Controls v8.1
aws;The CIS Critical Security Controls (CIS Controls) v8.1 are a prioritized set of Safeguards to mitigate the most prevalent cyber-attacks against systems and networks. They are organized into 18 top-level Controls and mapped to three Implementation Groups (IG1, IG2, IG3). This is a cross-provider mapping of Prowler checks to the CIS Controls Safeguards that can be assessed automatically against cloud and platform configurations.;;;2026-07-10 17:07:49.650816;15.7;Securely decommission service providers. Example considerations include user and service account deactivation, termination of data flows, and secure disposal of enterprise data within service provider systems.;15. Service Provider Management;Protect;Data;IG3;MANUAL;Manual check;manual_check;Manual check;manual;False;CIS-Controls;CIS Controls v8.1
aws;The CIS Critical Security Controls (CIS Controls) v8.1 are a prioritized set of Safeguards to mitigate the most prevalent cyber-attacks against systems and networks. They are organized into 18 top-level Controls and mapped to three Implementation Groups (IG1, IG2, IG3). This is a cross-provider mapping of Prowler checks to the CIS Controls Safeguards that can be assessed automatically against cloud and platform configurations.;;;2026-07-10 17:07:49.650816;16.1;Establish and maintain a secure application development process. In the process, address such items as: secure application design standards, secure coding practices, developer training, vulnerability management, security of third-party code, and application security testing procedures. Review and update documentation annually, or when significant enterprise changes occur that could impact this Safeguard.;16. Application Software Security;Govern;Documentation;IG2 | IG3;MANUAL;Manual check;manual_check;Manual check;manual;False;CIS-Controls;CIS Controls v8.1
aws;The CIS Critical Security Controls (CIS Controls) v8.1 are a prioritized set of Safeguards to mitigate the most prevalent cyber-attacks against systems and networks. They are organized into 18 top-level Controls and mapped to three Implementation Groups (IG1, IG2, IG3). This is a cross-provider mapping of Prowler checks to the CIS Controls Safeguards that can be assessed automatically against cloud and platform configurations.;;;2026-07-10 17:07:49.650816;16.2;Establish and maintain a process to accept and address reports of software vulnerabilities, including providing a means for external entities to report. The process is to include such items as: a vulnerability handling policy that identifies reporting process, responsible party for handling vulnerability reports, and a process for intake, assignment, remediation, and remediation testing. As part of the process, use a vulnerability tracking system that includes severity ratings and metrics for measuring timing for identification, analysis, and remediation of vulnerabilities. Review and update documentation annually, or when significant enterprise changes occur that could impact this Safeguard. Third-party application developers need to consider this an externally-facing policy that helps to set expectations for outside stakeholders.;16. Application Software Security;Govern;Documentation;IG2 | IG3;MANUAL;Manual check;manual_check;Manual check;manual;False;CIS-Controls;CIS Controls v8.1
aws;The CIS Critical Security Controls (CIS Controls) v8.1 are a prioritized set of Safeguards to mitigate the most prevalent cyber-attacks against systems and networks. They are organized into 18 top-level Controls and mapped to three Implementation Groups (IG1, IG2, IG3). This is a cross-provider mapping of Prowler checks to the CIS Controls Safeguards that can be assessed automatically against cloud and platform configurations.;;;2026-07-10 17:07:49.650816;16.3;Perform root cause analysis on security vulnerabilities. When reviewing vulnerabilities, root cause analysis is the task of evaluating underlying issues that create vulnerabilities in code, and allows development teams to move beyond just fixing individual vulnerabilities as they arise.;16. Application Software Security;Detect;Software;IG2 | IG3;MANUAL;Manual check;manual_check;Manual check;manual;False;CIS-Controls;CIS Controls v8.1
aws;The CIS Critical Security Controls (CIS Controls) v8.1 are a prioritized set of Safeguards to mitigate the most prevalent cyber-attacks against systems and networks. They are organized into 18 top-level Controls and mapped to three Implementation Groups (IG1, IG2, IG3). This is a cross-provider mapping of Prowler checks to the CIS Controls Safeguards that can be assessed automatically against cloud and platform configurations.;;;2026-07-10 17:07:49.650816;16.4;"Establish and manage an updated inventory of third-party components used in development, often referred to as a ""bill of materials,"" as well as components slated for future use. This inventory is to include any risks that each third-party component could pose. Evaluate the list at least monthly to identify any changes or updates to these components, and validate that the component is still supported.";16. Application Software Security;Identify;Software;IG2 | IG3;MANUAL;Manual check;manual_check;Manual check;manual;False;CIS-Controls;CIS Controls v8.1
aws;The CIS Critical Security Controls (CIS Controls) v8.1 are a prioritized set of Safeguards to mitigate the most prevalent cyber-attacks against systems and networks. They are organized into 18 top-level Controls and mapped to three Implementation Groups (IG1, IG2, IG3). This is a cross-provider mapping of Prowler checks to the CIS Controls Safeguards that can be assessed automatically against cloud and platform configurations.;;;2026-07-10 17:07:49.650816;16.6;Establish and maintain a severity rating system and process for application vulnerabilities that facilitates prioritizing the order in which discovered vulnerabilities are fixed. This process includes setting a minimum level of security acceptability for releasing code or applications. Severity ratings bring a systematic way of triaging vulnerabilities that improves risk management and helps ensure the most severe bugs are fixed first. Review and update the system and process annually.;16. Application Software Security;Govern;Documentation;IG2 | IG3;MANUAL;Manual check;manual_check;Manual check;manual;False;CIS-Controls;CIS Controls v8.1
aws;The CIS Critical Security Controls (CIS Controls) v8.1 are a prioritized set of Safeguards to mitigate the most prevalent cyber-attacks against systems and networks. They are organized into 18 top-level Controls and mapped to three Implementation Groups (IG1, IG2, IG3). This is a cross-provider mapping of Prowler checks to the CIS Controls Safeguards that can be assessed automatically against cloud and platform configurations.;;;2026-07-10 17:07:49.650816;16.7;Use standard, industry-recommended hardening configuration templates for application infrastructure components. This includes underlying servers, databases, and web servers, and applies to cloud containers, Platform as a Service (PaaS) components, and SaaS components. Do not allow in-house developed software to weaken configuration hardening.;16. Application Software Security;Protect;Software;IG2 | IG3;MANUAL;Manual check;manual_check;Manual check;manual;False;CIS-Controls;CIS Controls v8.1
aws;The CIS Critical Security Controls (CIS Controls) v8.1 are a prioritized set of Safeguards to mitigate the most prevalent cyber-attacks against systems and networks. They are organized into 18 top-level Controls and mapped to three Implementation Groups (IG1, IG2, IG3). This is a cross-provider mapping of Prowler checks to the CIS Controls Safeguards that can be assessed automatically against cloud and platform configurations.;;;2026-07-10 17:07:49.650816;16.8;Maintain separate environments for production and non-production systems.;16. Application Software Security;Protect;Network;IG2 | IG3;MANUAL;Manual check;manual_check;Manual check;manual;False;CIS-Controls;CIS Controls v8.1
aws;The CIS Critical Security Controls (CIS Controls) v8.1 are a prioritized set of Safeguards to mitigate the most prevalent cyber-attacks against systems and networks. They are organized into 18 top-level Controls and mapped to three Implementation Groups (IG1, IG2, IG3). This is a cross-provider mapping of Prowler checks to the CIS Controls Safeguards that can be assessed automatically against cloud and platform configurations.;;;2026-07-10 17:07:49.650816;16.9;Ensure that all software development personnel receive training in writing secure code for their specific development environment and responsibilities. Training can include general security principles and application security standard practices. Conduct training at least annually and design in a way to promote security within the development team, and build a culture of security among the developers.;16. Application Software Security;Protect;Users;IG2 | IG3;MANUAL;Manual check;manual_check;Manual check;manual;False;CIS-Controls;CIS Controls v8.1
aws;The CIS Critical Security Controls (CIS Controls) v8.1 are a prioritized set of Safeguards to mitigate the most prevalent cyber-attacks against systems and networks. They are organized into 18 top-level Controls and mapped to three Implementation Groups (IG1, IG2, IG3). This is a cross-provider mapping of Prowler checks to the CIS Controls Safeguards that can be assessed automatically against cloud and platform configurations.;;;2026-07-10 17:07:49.650816;16.13;Conduct application penetration testing. For critical applications, authenticated penetration testing is better suited to finding business logic vulnerabilities than code scanning and automated security testing. Penetration testing relies on the skill of the tester to manually manipulate an application as an authenticated and unauthenticated user.;16. Application Software Security;Detect;Software;IG3;MANUAL;Manual check;manual_check;Manual check;manual;False;CIS-Controls;CIS Controls v8.1
aws;The CIS Critical Security Controls (CIS Controls) v8.1 are a prioritized set of Safeguards to mitigate the most prevalent cyber-attacks against systems and networks. They are organized into 18 top-level Controls and mapped to three Implementation Groups (IG1, IG2, IG3). This is a cross-provider mapping of Prowler checks to the CIS Controls Safeguards that can be assessed automatically against cloud and platform configurations.;;;2026-07-10 17:07:49.650816;16.14;Conduct threat modeling. Threat modeling is the process of identifying and addressing application security design flaws within a design, before code is created. It is conducted through specially trained individuals who evaluate the application design and gauge security risks for each entry point and access level. The goal is to map out the application, architecture, and infrastructure in a structured way to understand its weaknesses.;16. Application Software Security;Protect;Software;IG3;MANUAL;Manual check;manual_check;Manual check;manual;False;CIS-Controls;CIS Controls v8.1
aws;The CIS Critical Security Controls (CIS Controls) v8.1 are a prioritized set of Safeguards to mitigate the most prevalent cyber-attacks against systems and networks. They are organized into 18 top-level Controls and mapped to three Implementation Groups (IG1, IG2, IG3). This is a cross-provider mapping of Prowler checks to the CIS Controls Safeguards that can be assessed automatically against cloud and platform configurations.;;;2026-07-10 17:07:49.650816;17.1;Designate one key person, and at least one backup, who will manage the enterprise's incident handling process. Management personnel are responsible for the coordination and documentation of incident response and recovery efforts and can consist of employees internal to the enterprise, service providers, or a hybrid approach. If using a service provider, designate at least one person internal to the enterprise to oversee any third-party work. Review annually, or when significant enterprise changes occur that could impact this Safeguard.;17. Incident Response Management;Respond;Users;IG1 | IG2 | IG3;MANUAL;Manual check;manual_check;Manual check;manual;False;CIS-Controls;CIS Controls v8.1
aws;The CIS Critical Security Controls (CIS Controls) v8.1 are a prioritized set of Safeguards to mitigate the most prevalent cyber-attacks against systems and networks. They are organized into 18 top-level Controls and mapped to three Implementation Groups (IG1, IG2, IG3). This is a cross-provider mapping of Prowler checks to the CIS Controls Safeguards that can be assessed automatically against cloud and platform configurations.;;;2026-07-10 17:07:49.650816;17.3;Establish and maintain an documented enterprise process for the workforce to report security incidents. The process includes reporting timeframe, personnel to report to, mechanism for reporting, and the minimum information to be reported. Ensure the process is publicly available to all of the workforce. Review annually, or when significant enterprise changes occur that could impact this Safeguard.;17. Incident Response Management;Govern;Documentation;IG1 | IG2 | IG3;MANUAL;Manual check;manual_check;Manual check;manual;False;CIS-Controls;CIS Controls v8.1
aws;The CIS Critical Security Controls (CIS Controls) v8.1 are a prioritized set of Safeguards to mitigate the most prevalent cyber-attacks against systems and networks. They are organized into 18 top-level Controls and mapped to three Implementation Groups (IG1, IG2, IG3). This is a cross-provider mapping of Prowler checks to the CIS Controls Safeguards that can be assessed automatically against cloud and platform configurations.;;;2026-07-10 17:07:49.650816;17.5;Assign key roles and responsibilities for incident response, including staff from legal, IT, information security, facilities, public relations, human resources, incident responders, analysts, and relevant third parties. Review annually, or when significant enterprise changes occur that could impact this Safeguard.;17. Incident Response Management;Respond;Users;IG2 | IG3;MANUAL;Manual check;manual_check;Manual check;manual;False;CIS-Controls;CIS Controls v8.1
aws;The CIS Critical Security Controls (CIS Controls) v8.1 are a prioritized set of Safeguards to mitigate the most prevalent cyber-attacks against systems and networks. They are organized into 18 top-level Controls and mapped to three Implementation Groups (IG1, IG2, IG3). This is a cross-provider mapping of Prowler checks to the CIS Controls Safeguards that can be assessed automatically against cloud and platform configurations.;;;2026-07-10 17:07:49.650816;17.6;Determine which primary and secondary mechanisms will be used to communicate and report during a security incident. Mechanisms can include phone calls, emails, secure chat, or notification letters. Keep in mind that certain mechanisms, such as emails, can be affected during a security incident. Review annually, or when significant enterprise changes occur that could impact this Safeguard.;17. Incident Response Management;Respond;Users;IG2 | IG3;MANUAL;Manual check;manual_check;Manual check;manual;False;CIS-Controls;CIS Controls v8.1
aws;The CIS Critical Security Controls (CIS Controls) v8.1 are a prioritized set of Safeguards to mitigate the most prevalent cyber-attacks against systems and networks. They are organized into 18 top-level Controls and mapped to three Implementation Groups (IG1, IG2, IG3). This is a cross-provider mapping of Prowler checks to the CIS Controls Safeguards that can be assessed automatically against cloud and platform configurations.;;;2026-07-10 17:07:49.650816;17.7;Plan and conduct routine incident response exercises and scenarios for key personnel involved in the incident response process to prepare for responding to real-world incidents. Exercises need to test communication channels, decision making, and workflows. Conduct testing on an annual basis, at a minimum.;17. Incident Response Management;Recover;Users;IG2 | IG3;MANUAL;Manual check;manual_check;Manual check;manual;False;CIS-Controls;CIS Controls v8.1
aws;The CIS Critical Security Controls (CIS Controls) v8.1 are a prioritized set of Safeguards to mitigate the most prevalent cyber-attacks against systems and networks. They are organized into 18 top-level Controls and mapped to three Implementation Groups (IG1, IG2, IG3). This is a cross-provider mapping of Prowler checks to the CIS Controls Safeguards that can be assessed automatically against cloud and platform configurations.;;;2026-07-10 17:07:49.650816;17.8;Conduct post-incident reviews. Post-incident reviews help prevent incident recurrence through identifying lessons learned and follow-up action.;17. Incident Response Management;Recover;Users;IG2 | IG3;MANUAL;Manual check;manual_check;Manual check;manual;False;CIS-Controls;CIS Controls v8.1
aws;The CIS Critical Security Controls (CIS Controls) v8.1 are a prioritized set of Safeguards to mitigate the most prevalent cyber-attacks against systems and networks. They are organized into 18 top-level Controls and mapped to three Implementation Groups (IG1, IG2, IG3). This is a cross-provider mapping of Prowler checks to the CIS Controls Safeguards that can be assessed automatically against cloud and platform configurations.;;;2026-07-10 17:07:49.650816;17.9;Establish and maintain security incident thresholds, including, at a minimum, differentiating between an incident and an event. Examples can include: abnormal activity, security vulnerability, security weakness, data breach, privacy incident, etc. Review annually, or when significant enterprise changes occur that could impact this Safeguard.;17. Incident Response Management;Recover;Documentation;IG3;MANUAL;Manual check;manual_check;Manual check;manual;False;CIS-Controls;CIS Controls v8.1
aws;The CIS Critical Security Controls (CIS Controls) v8.1 are a prioritized set of Safeguards to mitigate the most prevalent cyber-attacks against systems and networks. They are organized into 18 top-level Controls and mapped to three Implementation Groups (IG1, IG2, IG3). This is a cross-provider mapping of Prowler checks to the CIS Controls Safeguards that can be assessed automatically against cloud and platform configurations.;;;2026-07-10 17:07:49.650816;18.1;"Establish and maintain a penetration testing program appropriate to the size, complexity, industry, and maturity of the enterprise. Penetration testing program characteristics include scope, such as network, web application, Application Programming Interface (API), hosted services, and physical premise controls; frequency; limitations, such as acceptable hours, and excluded attack types; point of contact information; remediation, such as how findings will be routed internally; and retrospective requirements.";18. Penetration Testing;Govern;Documentation;IG2 | IG3;MANUAL;Manual check;manual_check;Manual check;manual;False;CIS-Controls;CIS Controls v8.1
aws;The CIS Critical Security Controls (CIS Controls) v8.1 are a prioritized set of Safeguards to mitigate the most prevalent cyber-attacks against systems and networks. They are organized into 18 top-level Controls and mapped to three Implementation Groups (IG1, IG2, IG3). This is a cross-provider mapping of Prowler checks to the CIS Controls Safeguards that can be assessed automatically against cloud and platform configurations.;;;2026-07-10 17:07:49.650816;18.2;Perform periodic external penetration tests based on program requirements, no less than annually. External penetration testing must include enterprise and environmental reconnaissance to detect exploitable information. Penetration testing requires specialized skills and experience and must be conducted through a qualified party. The testing may be clear box or opaque box.;18. Penetration Testing;Detect;Network;IG2 | IG3;MANUAL;Manual check;manual_check;Manual check;manual;False;CIS-Controls;CIS Controls v8.1
aws;The CIS Critical Security Controls (CIS Controls) v8.1 are a prioritized set of Safeguards to mitigate the most prevalent cyber-attacks against systems and networks. They are organized into 18 top-level Controls and mapped to three Implementation Groups (IG1, IG2, IG3). This is a cross-provider mapping of Prowler checks to the CIS Controls Safeguards that can be assessed automatically against cloud and platform configurations.;;;2026-07-10 17:07:49.650816;18.3;Remediate penetration test findings based on the enterprise's documented vulnerability remediation process. This should include determining a timeline and level of effort based on the impact and prioritization of each identified finding.;18. Penetration Testing;Protect;Network;IG2 | IG3;MANUAL;Manual check;manual_check;Manual check;manual;False;CIS-Controls;CIS Controls v8.1
aws;The CIS Critical Security Controls (CIS Controls) v8.1 are a prioritized set of Safeguards to mitigate the most prevalent cyber-attacks against systems and networks. They are organized into 18 top-level Controls and mapped to three Implementation Groups (IG1, IG2, IG3). This is a cross-provider mapping of Prowler checks to the CIS Controls Safeguards that can be assessed automatically against cloud and platform configurations.;;;2026-07-10 17:07:49.650816;18.4;Validate security measures after each penetration test. If deemed necessary, modify rulesets and capabilities to detect the techniques used during testing.;18. Penetration Testing;Protect;Network;IG3;MANUAL;Manual check;manual_check;Manual check;manual;False;CIS-Controls;CIS Controls v8.1
aws;The CIS Critical Security Controls (CIS Controls) v8.1 are a prioritized set of Safeguards to mitigate the most prevalent cyber-attacks against systems and networks. They are organized into 18 top-level Controls and mapped to three Implementation Groups (IG1, IG2, IG3). This is a cross-provider mapping of Prowler checks to the CIS Controls Safeguards that can be assessed automatically against cloud and platform configurations.;;;2026-07-10 17:07:49.650816;18.5;Perform periodic internal penetration tests based on program requirements, no less than annually. The testing may be clear box or opaque box.;18. Penetration Testing;Detect;Network;IG3;MANUAL;Manual check;manual_check;Manual check;manual;False;CIS-Controls;CIS Controls v8.1
