PROVIDER;DESCRIPTION;ACCOUNTID;REGION;ASSESSMENTDATE;REQUIREMENTS_ID;REQUIREMENTS_DESCRIPTION;REQUIREMENTS_ATTRIBUTES_FAMILYNAME;REQUIREMENTS_ATTRIBUTES_FAMILYDESCRIPTION;REQUIREMENTS_ATTRIBUTES_SECTION;REQUIREMENTS_ATTRIBUTES_SUBSECTION;REQUIREMENTS_ATTRIBUTES_SUBSECTIONOBJECTIVE;REQUIREMENTS_ATTRIBUTES_APPLICABILITY;REQUIREMENTS_ATTRIBUTES_RECOMMENDATION;REQUIREMENTS_ATTRIBUTES_SECTIONTHREATMAPPINGS;REQUIREMENTS_ATTRIBUTES_SECTIONGUIDELINEMAPPINGS;STATUS;STATUSEXTENDED;RESOURCEID;RESOURCENAME;CHECKID;MUTED
aws;Common Cloud Controls Catalog (CCC) for AWS;415019016144;ap-southeast-2;2026-07-10 17:23:12.798693;CCC.Core.CN05.AR02;When administrative access or configuration change is attempted on the service or a child resource, the service MUST refuse requests from unauthorized entities.;Identity and Access Management;The Identity and Access Management control family ensures that only trusted and authenticated entities can access resources. These controls establish strong authentication, enforce multi-factor verification, and restrict access to approved sources to prevent unauthorized use or data exfiltration.;CCC.Core.CN05 Prevent Access from Untrusted Entities;;Ensure that secure access controls enforce the principle of least privilege to restrict access to authorized entities from explicitly trusted sources only.;['tlp-clear', 'tlp-green', 'tlp-amber', 'tlp-red'];;[{'ReferenceId': 'CCC', 'Identifiers': ['CCC.Core.TH01']}];[{'ReferenceId': 'CCM', 'Identifiers': ['DSP-01', 'DSP-07', 'DSP-08', 'DSP-10', 'DSP-17']}];FAIL;Password expiration is not set.;arn:aws:iam:ap-southeast-2:415019016144:password-policy;415019016144;iam_password_policy_expires_passwords_within_90_days_or_less;False
aws;Common Cloud Controls Catalog (CCC) for AWS;415019016144;ap-southeast-2;2026-07-10 17:23:12.798693;CCC.IAM.CN05.AR01;When a new cloud account is provisioned, a password policy MUST be configured for IAM users following the minimum PCI DSS v4.0.1 configurations.;Identity and Access Management;Controls that restrict who can access and modify IAM resources.;CCC.IAM.CN05 Strong Password Policies for IAM Users;;Ensure that the password policies for IAM users have strong configurations.;['tlp-clear', 'tlp-green', 'tlp-amber', 'tlp-red'];When a new cloud account is provisioned, a password policy must be configured for all IAM users to align with the minimum requirements defined in PCI DSS v4.0.1. This includes, at a minimum: strength: 0 # Not yet specified - reference-id: A password length of at least 12 characters. strength: 0 # Not yet specified - reference-id: A mix of upper- and lower-case letters, numbers, and special characters. strength: 0 # Not yet specified - reference-id: Prevention of the use of previously used passwords (password history). strength: 0 # Not yet specified - reference-id: Password expiration at a defined interval (e.g., every 90 days). strength: 0 # Not yet specified - reference-id: Account lockout after a defined number of failed login attempts.;[{'ReferenceId': 'CCC', 'Identifiers': ['CCC.IAM.TH01']}];[{'ReferenceId': 'NIST-CSF', 'Identifiers': ['PR.AA-05']}, {'ReferenceId': 'NIST_800_53', 'Identifiers': ['IA-5']}, {'ReferenceId': 'PCI-DSS', 'Identifiers': ['8.3.9', '8.6.3']}];FAIL;Password expiration is not set.;arn:aws:iam:ap-southeast-2:415019016144:password-policy;415019016144;iam_password_policy_expires_passwords_within_90_days_or_less;False
aws;Common Cloud Controls Catalog (CCC) for AWS;415019016144;ap-southeast-2;2026-07-10 17:23:12.798693;CCC.Core.CN05.AR02;When administrative access or configuration change is attempted on the service or a child resource, the service MUST refuse requests from unauthorized entities.;Identity and Access Management;The Identity and Access Management control family ensures that only trusted and authenticated entities can access resources. These controls establish strong authentication, enforce multi-factor verification, and restrict access to approved sources to prevent unauthorized use or data exfiltration.;CCC.Core.CN05 Prevent Access from Untrusted Entities;;Ensure that secure access controls enforce the principle of least privilege to restrict access to authorized entities from explicitly trusted sources only.;['tlp-clear', 'tlp-green', 'tlp-amber', 'tlp-red'];;[{'ReferenceId': 'CCC', 'Identifiers': ['CCC.Core.TH01']}];[{'ReferenceId': 'CCM', 'Identifiers': ['DSP-01', 'DSP-07', 'DSP-08', 'DSP-10', 'DSP-17']}];FAIL;IAM password policy does not require at least one lowercase letter.;arn:aws:iam:ap-southeast-2:415019016144:password-policy;415019016144;iam_password_policy_lowercase;False
aws;Common Cloud Controls Catalog (CCC) for AWS;415019016144;ap-southeast-2;2026-07-10 17:23:12.798693;CCC.IAM.CN05.AR01;When a new cloud account is provisioned, a password policy MUST be configured for IAM users following the minimum PCI DSS v4.0.1 configurations.;Identity and Access Management;Controls that restrict who can access and modify IAM resources.;CCC.IAM.CN05 Strong Password Policies for IAM Users;;Ensure that the password policies for IAM users have strong configurations.;['tlp-clear', 'tlp-green', 'tlp-amber', 'tlp-red'];When a new cloud account is provisioned, a password policy must be configured for all IAM users to align with the minimum requirements defined in PCI DSS v4.0.1. This includes, at a minimum: strength: 0 # Not yet specified - reference-id: A password length of at least 12 characters. strength: 0 # Not yet specified - reference-id: A mix of upper- and lower-case letters, numbers, and special characters. strength: 0 # Not yet specified - reference-id: Prevention of the use of previously used passwords (password history). strength: 0 # Not yet specified - reference-id: Password expiration at a defined interval (e.g., every 90 days). strength: 0 # Not yet specified - reference-id: Account lockout after a defined number of failed login attempts.;[{'ReferenceId': 'CCC', 'Identifiers': ['CCC.IAM.TH01']}];[{'ReferenceId': 'NIST-CSF', 'Identifiers': ['PR.AA-05']}, {'ReferenceId': 'NIST_800_53', 'Identifiers': ['IA-5']}, {'ReferenceId': 'PCI-DSS', 'Identifiers': ['8.3.9', '8.6.3']}];FAIL;IAM password policy does not require at least one lowercase letter.;arn:aws:iam:ap-southeast-2:415019016144:password-policy;415019016144;iam_password_policy_lowercase;False
aws;Common Cloud Controls Catalog (CCC) for AWS;415019016144;ap-southeast-2;2026-07-10 17:23:12.798693;CCC.Core.CN05.AR02;When administrative access or configuration change is attempted on the service or a child resource, the service MUST refuse requests from unauthorized entities.;Identity and Access Management;The Identity and Access Management control family ensures that only trusted and authenticated entities can access resources. These controls establish strong authentication, enforce multi-factor verification, and restrict access to approved sources to prevent unauthorized use or data exfiltration.;CCC.Core.CN05 Prevent Access from Untrusted Entities;;Ensure that secure access controls enforce the principle of least privilege to restrict access to authorized entities from explicitly trusted sources only.;['tlp-clear', 'tlp-green', 'tlp-amber', 'tlp-red'];;[{'ReferenceId': 'CCC', 'Identifiers': ['CCC.Core.TH01']}];[{'ReferenceId': 'CCM', 'Identifiers': ['DSP-01', 'DSP-07', 'DSP-08', 'DSP-10', 'DSP-17']}];FAIL;IAM password policy does not require minimum length of 14 characters.;arn:aws:iam:ap-southeast-2:415019016144:password-policy;415019016144;iam_password_policy_minimum_length_14;False
aws;Common Cloud Controls Catalog (CCC) for AWS;415019016144;ap-southeast-2;2026-07-10 17:23:12.798693;CCC.IAM.CN05.AR01;When a new cloud account is provisioned, a password policy MUST be configured for IAM users following the minimum PCI DSS v4.0.1 configurations.;Identity and Access Management;Controls that restrict who can access and modify IAM resources.;CCC.IAM.CN05 Strong Password Policies for IAM Users;;Ensure that the password policies for IAM users have strong configurations.;['tlp-clear', 'tlp-green', 'tlp-amber', 'tlp-red'];When a new cloud account is provisioned, a password policy must be configured for all IAM users to align with the minimum requirements defined in PCI DSS v4.0.1. This includes, at a minimum: strength: 0 # Not yet specified - reference-id: A password length of at least 12 characters. strength: 0 # Not yet specified - reference-id: A mix of upper- and lower-case letters, numbers, and special characters. strength: 0 # Not yet specified - reference-id: Prevention of the use of previously used passwords (password history). strength: 0 # Not yet specified - reference-id: Password expiration at a defined interval (e.g., every 90 days). strength: 0 # Not yet specified - reference-id: Account lockout after a defined number of failed login attempts.;[{'ReferenceId': 'CCC', 'Identifiers': ['CCC.IAM.TH01']}];[{'ReferenceId': 'NIST-CSF', 'Identifiers': ['PR.AA-05']}, {'ReferenceId': 'NIST_800_53', 'Identifiers': ['IA-5']}, {'ReferenceId': 'PCI-DSS', 'Identifiers': ['8.3.9', '8.6.3']}];FAIL;IAM password policy does not require minimum length of 14 characters.;arn:aws:iam:ap-southeast-2:415019016144:password-policy;415019016144;iam_password_policy_minimum_length_14;False
aws;Common Cloud Controls Catalog (CCC) for AWS;415019016144;ap-southeast-2;2026-07-10 17:23:12.798693;CCC.Core.CN05.AR02;When administrative access or configuration change is attempted on the service or a child resource, the service MUST refuse requests from unauthorized entities.;Identity and Access Management;The Identity and Access Management control family ensures that only trusted and authenticated entities can access resources. These controls establish strong authentication, enforce multi-factor verification, and restrict access to approved sources to prevent unauthorized use or data exfiltration.;CCC.Core.CN05 Prevent Access from Untrusted Entities;;Ensure that secure access controls enforce the principle of least privilege to restrict access to authorized entities from explicitly trusted sources only.;['tlp-clear', 'tlp-green', 'tlp-amber', 'tlp-red'];;[{'ReferenceId': 'CCC', 'Identifiers': ['CCC.Core.TH01']}];[{'ReferenceId': 'CCM', 'Identifiers': ['DSP-01', 'DSP-07', 'DSP-08', 'DSP-10', 'DSP-17']}];FAIL;IAM password policy does not require at least one number.;arn:aws:iam:ap-southeast-2:415019016144:password-policy;415019016144;iam_password_policy_number;False
aws;Common Cloud Controls Catalog (CCC) for AWS;415019016144;ap-southeast-2;2026-07-10 17:23:12.798693;CCC.IAM.CN05.AR01;When a new cloud account is provisioned, a password policy MUST be configured for IAM users following the minimum PCI DSS v4.0.1 configurations.;Identity and Access Management;Controls that restrict who can access and modify IAM resources.;CCC.IAM.CN05 Strong Password Policies for IAM Users;;Ensure that the password policies for IAM users have strong configurations.;['tlp-clear', 'tlp-green', 'tlp-amber', 'tlp-red'];When a new cloud account is provisioned, a password policy must be configured for all IAM users to align with the minimum requirements defined in PCI DSS v4.0.1. This includes, at a minimum: strength: 0 # Not yet specified - reference-id: A password length of at least 12 characters. strength: 0 # Not yet specified - reference-id: A mix of upper- and lower-case letters, numbers, and special characters. strength: 0 # Not yet specified - reference-id: Prevention of the use of previously used passwords (password history). strength: 0 # Not yet specified - reference-id: Password expiration at a defined interval (e.g., every 90 days). strength: 0 # Not yet specified - reference-id: Account lockout after a defined number of failed login attempts.;[{'ReferenceId': 'CCC', 'Identifiers': ['CCC.IAM.TH01']}];[{'ReferenceId': 'NIST-CSF', 'Identifiers': ['PR.AA-05']}, {'ReferenceId': 'NIST_800_53', 'Identifiers': ['IA-5']}, {'ReferenceId': 'PCI-DSS', 'Identifiers': ['8.3.9', '8.6.3']}];FAIL;IAM password policy does not require at least one number.;arn:aws:iam:ap-southeast-2:415019016144:password-policy;415019016144;iam_password_policy_number;False
aws;Common Cloud Controls Catalog (CCC) for AWS;415019016144;ap-southeast-2;2026-07-10 17:23:12.798693;CCC.Core.CN05.AR02;When administrative access or configuration change is attempted on the service or a child resource, the service MUST refuse requests from unauthorized entities.;Identity and Access Management;The Identity and Access Management control family ensures that only trusted and authenticated entities can access resources. These controls establish strong authentication, enforce multi-factor verification, and restrict access to approved sources to prevent unauthorized use or data exfiltration.;CCC.Core.CN05 Prevent Access from Untrusted Entities;;Ensure that secure access controls enforce the principle of least privilege to restrict access to authorized entities from explicitly trusted sources only.;['tlp-clear', 'tlp-green', 'tlp-amber', 'tlp-red'];;[{'ReferenceId': 'CCC', 'Identifiers': ['CCC.Core.TH01']}];[{'ReferenceId': 'CCM', 'Identifiers': ['DSP-01', 'DSP-07', 'DSP-08', 'DSP-10', 'DSP-17']}];FAIL;IAM password policy reuse prevention is less than 24 or not set.;arn:aws:iam:ap-southeast-2:415019016144:password-policy;415019016144;iam_password_policy_reuse_24;False
aws;Common Cloud Controls Catalog (CCC) for AWS;415019016144;ap-southeast-2;2026-07-10 17:23:12.798693;CCC.IAM.CN05.AR01;When a new cloud account is provisioned, a password policy MUST be configured for IAM users following the minimum PCI DSS v4.0.1 configurations.;Identity and Access Management;Controls that restrict who can access and modify IAM resources.;CCC.IAM.CN05 Strong Password Policies for IAM Users;;Ensure that the password policies for IAM users have strong configurations.;['tlp-clear', 'tlp-green', 'tlp-amber', 'tlp-red'];When a new cloud account is provisioned, a password policy must be configured for all IAM users to align with the minimum requirements defined in PCI DSS v4.0.1. This includes, at a minimum: strength: 0 # Not yet specified - reference-id: A password length of at least 12 characters. strength: 0 # Not yet specified - reference-id: A mix of upper- and lower-case letters, numbers, and special characters. strength: 0 # Not yet specified - reference-id: Prevention of the use of previously used passwords (password history). strength: 0 # Not yet specified - reference-id: Password expiration at a defined interval (e.g., every 90 days). strength: 0 # Not yet specified - reference-id: Account lockout after a defined number of failed login attempts.;[{'ReferenceId': 'CCC', 'Identifiers': ['CCC.IAM.TH01']}];[{'ReferenceId': 'NIST-CSF', 'Identifiers': ['PR.AA-05']}, {'ReferenceId': 'NIST_800_53', 'Identifiers': ['IA-5']}, {'ReferenceId': 'PCI-DSS', 'Identifiers': ['8.3.9', '8.6.3']}];FAIL;IAM password policy reuse prevention is less than 24 or not set.;arn:aws:iam:ap-southeast-2:415019016144:password-policy;415019016144;iam_password_policy_reuse_24;False
aws;Common Cloud Controls Catalog (CCC) for AWS;415019016144;ap-southeast-2;2026-07-10 17:23:12.798693;CCC.Core.CN05.AR02;When administrative access or configuration change is attempted on the service or a child resource, the service MUST refuse requests from unauthorized entities.;Identity and Access Management;The Identity and Access Management control family ensures that only trusted and authenticated entities can access resources. These controls establish strong authentication, enforce multi-factor verification, and restrict access to approved sources to prevent unauthorized use or data exfiltration.;CCC.Core.CN05 Prevent Access from Untrusted Entities;;Ensure that secure access controls enforce the principle of least privilege to restrict access to authorized entities from explicitly trusted sources only.;['tlp-clear', 'tlp-green', 'tlp-amber', 'tlp-red'];;[{'ReferenceId': 'CCC', 'Identifiers': ['CCC.Core.TH01']}];[{'ReferenceId': 'CCM', 'Identifiers': ['DSP-01', 'DSP-07', 'DSP-08', 'DSP-10', 'DSP-17']}];FAIL;IAM password policy does not require at least one symbol.;arn:aws:iam:ap-southeast-2:415019016144:password-policy;415019016144;iam_password_policy_symbol;False
aws;Common Cloud Controls Catalog (CCC) for AWS;415019016144;ap-southeast-2;2026-07-10 17:23:12.798693;CCC.IAM.CN05.AR01;When a new cloud account is provisioned, a password policy MUST be configured for IAM users following the minimum PCI DSS v4.0.1 configurations.;Identity and Access Management;Controls that restrict who can access and modify IAM resources.;CCC.IAM.CN05 Strong Password Policies for IAM Users;;Ensure that the password policies for IAM users have strong configurations.;['tlp-clear', 'tlp-green', 'tlp-amber', 'tlp-red'];When a new cloud account is provisioned, a password policy must be configured for all IAM users to align with the minimum requirements defined in PCI DSS v4.0.1. This includes, at a minimum: strength: 0 # Not yet specified - reference-id: A password length of at least 12 characters. strength: 0 # Not yet specified - reference-id: A mix of upper- and lower-case letters, numbers, and special characters. strength: 0 # Not yet specified - reference-id: Prevention of the use of previously used passwords (password history). strength: 0 # Not yet specified - reference-id: Password expiration at a defined interval (e.g., every 90 days). strength: 0 # Not yet specified - reference-id: Account lockout after a defined number of failed login attempts.;[{'ReferenceId': 'CCC', 'Identifiers': ['CCC.IAM.TH01']}];[{'ReferenceId': 'NIST-CSF', 'Identifiers': ['PR.AA-05']}, {'ReferenceId': 'NIST_800_53', 'Identifiers': ['IA-5']}, {'ReferenceId': 'PCI-DSS', 'Identifiers': ['8.3.9', '8.6.3']}];FAIL;IAM password policy does not require at least one symbol.;arn:aws:iam:ap-southeast-2:415019016144:password-policy;415019016144;iam_password_policy_symbol;False
aws;Common Cloud Controls Catalog (CCC) for AWS;415019016144;ap-southeast-2;2026-07-10 17:23:12.798693;CCC.Core.CN05.AR02;When administrative access or configuration change is attempted on the service or a child resource, the service MUST refuse requests from unauthorized entities.;Identity and Access Management;The Identity and Access Management control family ensures that only trusted and authenticated entities can access resources. These controls establish strong authentication, enforce multi-factor verification, and restrict access to approved sources to prevent unauthorized use or data exfiltration.;CCC.Core.CN05 Prevent Access from Untrusted Entities;;Ensure that secure access controls enforce the principle of least privilege to restrict access to authorized entities from explicitly trusted sources only.;['tlp-clear', 'tlp-green', 'tlp-amber', 'tlp-red'];;[{'ReferenceId': 'CCC', 'Identifiers': ['CCC.Core.TH01']}];[{'ReferenceId': 'CCM', 'Identifiers': ['DSP-01', 'DSP-07', 'DSP-08', 'DSP-10', 'DSP-17']}];FAIL;IAM password policy does not require at least one uppercase letter.;arn:aws:iam:ap-southeast-2:415019016144:password-policy;415019016144;iam_password_policy_uppercase;False
aws;Common Cloud Controls Catalog (CCC) for AWS;415019016144;ap-southeast-2;2026-07-10 17:23:12.798693;CCC.IAM.CN05.AR01;When a new cloud account is provisioned, a password policy MUST be configured for IAM users following the minimum PCI DSS v4.0.1 configurations.;Identity and Access Management;Controls that restrict who can access and modify IAM resources.;CCC.IAM.CN05 Strong Password Policies for IAM Users;;Ensure that the password policies for IAM users have strong configurations.;['tlp-clear', 'tlp-green', 'tlp-amber', 'tlp-red'];When a new cloud account is provisioned, a password policy must be configured for all IAM users to align with the minimum requirements defined in PCI DSS v4.0.1. This includes, at a minimum: strength: 0 # Not yet specified - reference-id: A password length of at least 12 characters. strength: 0 # Not yet specified - reference-id: A mix of upper- and lower-case letters, numbers, and special characters. strength: 0 # Not yet specified - reference-id: Prevention of the use of previously used passwords (password history). strength: 0 # Not yet specified - reference-id: Password expiration at a defined interval (e.g., every 90 days). strength: 0 # Not yet specified - reference-id: Account lockout after a defined number of failed login attempts.;[{'ReferenceId': 'CCC', 'Identifiers': ['CCC.IAM.TH01']}];[{'ReferenceId': 'NIST-CSF', 'Identifiers': ['PR.AA-05']}, {'ReferenceId': 'NIST_800_53', 'Identifiers': ['IA-5']}, {'ReferenceId': 'PCI-DSS', 'Identifiers': ['8.3.9', '8.6.3']}];FAIL;IAM password policy does not require at least one uppercase letter.;arn:aws:iam:ap-southeast-2:415019016144:password-policy;415019016144;iam_password_policy_uppercase;False
aws;Common Cloud Controls Catalog (CCC) for AWS;;;2026-07-10 17:23:12.798693;CCC.Core.CN01.AR07;When a port is exposed, the service MUST ensure that the protocol and service officially assigned to that port number by the IANA Service Name and Transport Protocol Port Number Registry, and no other, is run on that port.;Data;The Data control family ensures the confidentiality, integrity, availability, and sovereignty of data across its lifecycle. These controls govern how data is transmitted, stored, replicated, and protected from unauthorized access, tampering, or exposure beyond defined trust perimeters.;CCC.Core.CN01 Encrypt Data for Transmission;;Ensure that all communications are encrypted in transit to protect data integrity and confidentiality.;['tlp-clear', 'tlp-green', 'tlp-amber', 'tlp-red'];Reference the IANA Service Name and Transport Protocol Port Number Registry for more information about correct protocol-to-port assignments. Avoid running non-standard services on well-known ports.;[{'ReferenceId': 'CCC', 'Identifiers': ['CCC.Core.TH02']}];[{'ReferenceId': 'CCM', 'Identifiers': ['CEK-03', 'CEK-04', 'IVS-03', 'IVS-07']}];MANUAL;Manual check;manual_check;Manual check;manual;False
aws;Common Cloud Controls Catalog (CCC) for AWS;;;2026-07-10 17:23:12.798693;CCC.Monitor.CN01.AR01;When an External Monitoring system exceeds the anticipated rate of monitoring checks then Rate Limiting MUST be applied and an Audit Alert MUST be generated.;Logging and Monitoring;Controls that collect, alert, and retain events from other monitoring services.;CCC.Monitor.CN01 Rate Limiting on External Monitoring;;Prevent DoS attacks using External Monitoring tools.;['tlp-clear', 'tlp-green', 'tlp-amber', 'tlp-red'];;[{'ReferenceId': 'CCC', 'Identifiers': ['CCC.Monitor.TH03']}];[{'ReferenceId': 'NIST-CSF', 'Identifiers': ['PR.IR-01', 'DE.CM-01']}, {'ReferenceId': 'NIST_800_53', 'Identifiers': ['SC-5', 'SC-7']}];MANUAL;Manual check;manual_check;Manual check;manual;False
aws;Common Cloud Controls Catalog (CCC) for AWS;;;2026-07-10 17:23:12.798693;CCC.Monitor.CN02.AR01;When an Custom or User-Defined Metric starts to flood a collector, then a rate limit MUST be applied to reduce the network impact of traffic and an alert must triggered.;Logging and Monitoring;Controls that collect, alert, and retain events from other monitoring services.;CCC.Monitor.CN02 Rate Limiting on Metric Generation;;Prevent Malicious Actor or misconfiguration from flooding services with metric data.;['tlp-clear', 'tlp-green', 'tlp-amber', 'tlp-red'];;[{'ReferenceId': 'CCC', 'Identifiers': ['CCC.Monitor.TH06']}];[{'ReferenceId': 'NIST-CSF', 'Identifiers': ['DE.CM-01']}, {'ReferenceId': 'NIST_800_53', 'Identifiers': ['SC-5(2)', 'CA-7', 'SI-4']}];MANUAL;Manual check;manual_check;Manual check;manual;False
aws;Common Cloud Controls Catalog (CCC) for AWS;;;2026-07-10 17:23:12.798693;CCC.Monitor.CN05.AR01;When monitoring services have generated an alert, the service MUST ensure only authorised responders silence or acknowledge the alert.;Identity and Access Management;Controls designed to prevent unauthorised access to monitoring features.;CCC.Monitor.CN05 Restrict access to silence or acknowledge an alert;;Ensure only a subset of users can silence or acknowledge alerts to prevent attackers hiding their activity.;['tlp-clear', 'tlp-green', 'tlp-amber', 'tlp-red'];;[{'ReferenceId': 'CCC', 'Identifiers': ['CCC.Core.TH10']}];[{'ReferenceId': 'NIST-CSF', 'Identifiers': ['PR.IR-01', 'PR.AA-05']}, {'ReferenceId': 'NIST_800_53', 'Identifiers': ['AC-3']}];MANUAL;Manual check;manual_check;Manual check;manual;False
aws;Common Cloud Controls Catalog (CCC) for AWS;;;2026-07-10 17:23:12.798693;CCC.LB.CN05.AR01;When stickiness is enabled, session cookies MUST expire within 30 minutes of inactivity.;Identity and Access Management;Controls that restrict who can change or query load-balancer resources.;CCC.LB.CN05 Validate Session Affinity;;Configure session persistence to minimise fixation and hijacking risks.;['tlp-green', 'tlp-amber', 'tlp-red'];Audit CCC.LB.CP15 parameters via configuration scans.;[{'ReferenceId': 'LB', 'Identifiers': ['CCC.LB.TH04']}];[{'ReferenceId': 'NIST-CSF', 'Identifiers': ['PR.AC-7']}, {'ReferenceId': 'NIST_800_53', 'Identifiers': ['SC-23']}];MANUAL;Manual check;manual_check;Manual check;manual;False
aws;Common Cloud Controls Catalog (CCC) for AWS;;;2026-07-10 17:23:12.798693;CCC.LB.CN07.AR01;"When responses pass through the load balancer, the ""Server"" header MUST be replaced with ""lb"".";Data;Controls that preserve availability and confidentiality of traffic processed by the load balancer.;CCC.LB.CN07 Scrub Sensitive Headers;;Remove headers that disclose internal details or software versions from HTTP responses.;['tlp-green', 'tlp-amber', 'tlp-red'];Configure header-transformation rules.;[{'ReferenceId': 'LB', 'Identifiers': ['CCC.Core.TH15']}];[{'ReferenceId': 'NIST-CSF', 'Identifiers': ['PR.DS-2']}, {'ReferenceId': 'NIST_800_53', 'Identifiers': ['SC-13']}];MANUAL;Manual check;manual_check;Manual check;manual;False
aws;Common Cloud Controls Catalog (CCC) for AWS;;;2026-07-10 17:23:12.798693;CCC.VPC.CN02.AR01;When a resource is created in a public subnet, that resource MUST NOT be assigned an external IP address by default.;Network Security;TODO: Describe this control family;CCC.VPC.CN02 Limit Resource Creation in Public Subnet;;Restrict the creation of resources in the public subnet with direct access to the internet to minimize attack surfaces.;['tlp-red'];;[{'ReferenceId': 'CCC', 'Identifiers': ['CCC.VPC.TH02']}];[{'ReferenceId': 'NIST-CSF', 'Identifiers': ['PR.AC-3']}, {'ReferenceId': 'CCM', 'Identifiers': ['SEF-05']}, {'ReferenceId': 'ISO_27001', 'Identifiers': ['2013 A.13.1.1']}, {'ReferenceId': 'NIST_800_53', 'Identifiers': ['AC-4']}];MANUAL;Manual check;manual_check;Manual check;manual;False
aws;Common Cloud Controls Catalog (CCC) for AWS;;;2026-07-10 17:23:12.798693;CCC.KeyMgmt.CN04.AR01;When a key import request is processed, the key MUST use an approved algorithm (RSA-2048+, EC-P256+) and originate from a certified HSM.;Key Lifecycle Management;Controls that govern creation, rotation, import, and retirement of cryptographic keys.;CCC.KeyMgmt.CN04 Validate Imported Keys;;Accept only externally generated keys that meet approved cryptographic strength and provenance requirements.;['tlp-green'];Implement an approval workflow that validates attestation data before import.;[{'ReferenceId': 'CCC', 'Identifiers': ['CCC.KeyMgmt.TH04']}];[{'ReferenceId': 'NIST-CSF', 'Identifiers': ['PR.DS-1']}, {'ReferenceId': 'NIST_800_53', 'Identifiers': ['SC-28']}];MANUAL;Manual check;manual_check;Manual check;manual;False
aws;Common Cloud Controls Catalog (CCC) for AWS;;;2026-07-10 17:23:12.798693;CCC.SecMgmt.CN02.AR01;Attempt to retrieve a secret from an unauthorized region and verify that access is denied.;Data Protection;TODO: Describe this control family;CCC.SecMgmt.CN02 Enforce Secret Replication Policies;;Ensure that secrets are replicated only to authorized locations as per organizational data residency and compliance requirements.;['tlp-red', 'tlp-amber'];;[{'ReferenceId': 'CCC', 'Identifiers': ['CCC.Core.TH03', 'CCC.Core.TH04']}];[{'ReferenceId': 'NIST-CSF', 'Identifiers': ['PR.DS-5']}, {'ReferenceId': 'NIST_800_53', 'Identifiers': ['AC-3', 'SC-7']}];MANUAL;Manual check;manual_check;Manual check;manual;False
aws;Common Cloud Controls Catalog (CCC) for AWS;;;2026-07-10 17:23:12.798693;CCC.DataWar.CN01.AR01;Attempt to access underlying database tables directly without using managed views and verify that access is denied.;Data;TODO: Describe this control family;CCC.DataWar.CN01 Enforce Use of Managed Views for Data Access;;Ensure that data access is provided through managed views, restricting users from accessing underlying tables directly and enforcing consistent security policies.;['tlp-red', 'tlp-amber'];;[{'ReferenceId': 'CCC', 'Identifiers': ['CCC.Core.TH01']}];[{'ReferenceId': 'NIST-CSF', 'Identifiers': ['PR.AC-4']}, {'ReferenceId': 'NIST_800_53', 'Identifiers': ['AC-3', 'AC-6']}];MANUAL;Manual check;manual_check;Manual check;manual;False
aws;Common Cloud Controls Catalog (CCC) for AWS;;;2026-07-10 17:23:12.798693;CCC.DataWar.CN02.AR01;Attempt to query sensitive columns without the necessary permissions and verify that access is denied or data is masked.;Data;TODO: Describe this control family;CCC.DataWar.CN02 Enforce Column-Level Security Policies;;Ensure that access to sensitive data columns is restricted based on user roles, preventing unauthorized access to sensitive information.;['tlp-red', 'tlp-amber'];;[{'ReferenceId': 'CCC', 'Identifiers': ['CCC.Core.TH01']}];[{'ReferenceId': 'NIST-CSF', 'Identifiers': ['PR.AC-4']}, {'ReferenceId': 'NIST_800_53', 'Identifiers': ['AC-3', 'AC-6']}];MANUAL;Manual check;manual_check;Manual check;manual;False
aws;Common Cloud Controls Catalog (CCC) for AWS;;;2026-07-10 17:23:12.798693;CCC.DataWar.CN03.AR01;Attempt to query data rows that the user should not have access to and verify that access is denied or data is not returned.;Data;TODO: Describe this control family;CCC.DataWar.CN03 Enforce Row-Level Security Policies;;Ensure that access to data rows is restricted based on user roles or attributes, preventing unauthorized access to specific subsets of data.;['tlp-red', 'tlp-amber'];;[{'ReferenceId': 'CCC', 'Identifiers': ['CCC.Core.TH01']}];[{'ReferenceId': 'NIST-CSF', 'Identifiers': ['PR.AC-4']}, {'ReferenceId': 'NIST_800_53', 'Identifiers': ['AC-3', 'AC-6']}];MANUAL;Manual check;manual_check;Manual check;manual;False
aws;Common Cloud Controls Catalog (CCC) for AWS;;;2026-07-10 17:23:12.798693;CCC.Vector.CN01.AR01;When a vector embedding is submitted for indexing, the system MUST validate that it matches expected schema, dimension, and format profiles.;Vector Indexing;Controls specific to the management and protection of vector embedding and index operations.;CCC.Vector.CN01 Validate Embeddings Before Indexing;;Ensure all incoming embeddings are structurally and statistically validated before indexing to prevent poisoning or corruption.;['tlp-clear', 'tlp-green', 'tlp-amber', 'tlp-red'];;[{'ReferenceId': 'CCC', 'Identifiers': ['CCC.Vector.TH02', 'CCC.Vector.TH05', 'CCC.Core.TH12']}];[{'ReferenceId': 'FINOS-AIGF', 'Identifiers': ['AIR-PREV-002']}];MANUAL;Manual check;manual_check;Manual check;manual;False
aws;Common Cloud Controls Catalog (CCC) for AWS;;;2026-07-10 17:23:12.798693;CCC.Vector.CN03.AR01;When a metadata filter is applied to a query, the service MUST verify the requester is authorized to access that field.;Vector Indexing;Controls specific to the management and protection of vector embedding and index operations.;CCC.Vector.CN03 Enforce Metadata-Level Access Controls;;Apply access control policies to metadata fields used in filtering to prevent unauthorized exposure or inference.;['tlp-amber', 'tlp-red'];;[{'ReferenceId': 'CCC', 'Identifiers': ['CCC.Vector.TH03', 'CCC.Core.TH01']}];[{'ReferenceId': 'FINOS-AIGF', 'Identifiers': ['AIR-DET-001', 'AIR-PREV-012', 'AIR-DET-016']}];MANUAL;Manual check;manual_check;Manual check;manual;False
aws;Common Cloud Controls Catalog (CCC) for AWS;;;2026-07-10 17:23:12.798693;CCC.Vector.CN04.AR01;When ingestion exceeds pre-defined thresholds, the service MUST throttle or reject excess vector write operations.;Vector Indexing;Controls specific to the management and protection of vector embedding and index operations.;CCC.Vector.CN04 Enforce Ingestion Quotas and Throttling;;Prevent ingestion-based DoS or index pollution by rate-limiting vector submissions and enforcing quotas.;['tlp-green', 'tlp-amber', 'tlp-red'];;[{'ReferenceId': 'CCC', 'Identifiers': ['CCC.Vector.TH02', 'CCC.Core.TH12']}];[{'ReferenceId': 'FINOS-AIGF', 'Identifiers': ['AIR-PREV-008']}];MANUAL;Manual check;manual_check;Manual check;manual;False
aws;Common Cloud Controls Catalog (CCC) for AWS;;;2026-07-10 17:23:12.798693;CCC.Vector.CN05.AR01;When a rollback is attempted, the system MUST log the action and verify rollback authorization.;Vector Indexing;Controls specific to the management and protection of vector embedding and index operations.;CCC.Vector.CN05 Enforce Index Versioning with Rollback Protection;;Ensure vector indexes are versioned and that rollback operations are authorized and auditable.;['tlp-amber', 'tlp-red'];;[{'ReferenceId': 'CCC', 'Identifiers': ['CCC.Vector.TH04', 'CCC.Core.TH09', 'CCC.Core.TH04']}];[{'ReferenceId': 'AIR-DET-004', 'Identifiers': ['AIR-PREV-008']}];MANUAL;Manual check;manual_check;Manual check;manual;False
aws;Common Cloud Controls Catalog (CCC) for AWS;;;2026-07-10 17:23:12.798693;CCC.Vector.CN06.AR01;When an embedding is submitted, the service MUST validate that its format and dimensionality match allowed profiles.;Vector Indexing;Controls specific to the management and protection of vector embedding and index operations.;CCC.Vector.CN06 Enforce Dimensional and Format Constraints;;Reject embeddings that do not conform to expected model specifications (dimensions, format, etc).;['tlp-clear', 'tlp-green', 'tlp-amber', 'tlp-red'];;[{'ReferenceId': 'CCC', 'Identifiers': ['CCC.Vector.TH05', 'CCC.Core.TH06']}];[{'ReferenceId': 'FINOS-AIGF', 'Identifiers': ['AIR-PREV-002']}];MANUAL;Manual check;manual_check;Manual check;manual;False
aws;Common Cloud Controls Catalog (CCC) for AWS;;;2026-07-10 17:23:12.798693;CCC.Vector.CN07.AR01;When a search request is issued, clients MUST be allowed to declare their requirement for exact vs approximate results.;Vector Indexing;Controls specific to the management and protection of vector embedding and index operations.;CCC.Vector.CN07 Support Explicit ANN vs. Exact Search Configuration;;Provide clients with the option to enforce exact-match (non-ANN) search where search fidelity is critical.;['tlp-amber', 'tlp-red'];;[{'ReferenceId': 'CCC', 'Identifiers': ['CCC.Vector.TH06']}];[];MANUAL;Manual check;manual_check;Manual check;manual;False
aws;Common Cloud Controls Catalog (CCC) for AWS;;;2026-07-10 17:23:12.798693;CCC.RDMS.CN02.AR01;When repeated failed login attempts are made in a short timeframe, the account must be locked out or rate-limited to prevent further login attempts.;Identity and Access Management;TODO: Describe this control family;CCC.RDMS.CN02 Account Lockout and Rate-Limiting;;Ensure the database enforces lockouts or rate-limiting after a specified number of failed authentication attempts. This prevents brute force or password-guessing attacks from succeeding.;['tlp-red', 'tlp-amber'];;[{'ReferenceId': 'CCC', 'Identifiers': ['CCC.RDMS.TH02']}];[{'ReferenceId': 'NIST-CSF', 'Identifiers': ['PR.AC-1']}, {'ReferenceId': 'NIST_800_53', 'Identifiers': ['AC-7']}];MANUAL;Manual check;manual_check;Manual check;manual;False
aws;Common Cloud Controls Catalog (CCC) for AWS;;;2026-07-10 17:23:12.798693;CCC.CntrReg.CN02.AR01;Confirm that artifacts older than the specified retention period are automatically deleted from the registry.;Data Management;TODO: Describe this control family;CCC.CntrReg.CN02 Implement Cleanup Policies for Artifacts;;Ensure that unused or outdated artifacts are cleaned up according to defined policies to manage storage effectively and reduce security risks associated with outdated versions.;['tlp-red', 'tlp-amber'];;[{'ReferenceId': 'CCC', 'Identifiers': ['CCC.Core.TH14']}];[{'ReferenceId': 'NIST-CSF', 'Identifiers': ['PR.IP-6']}, {'ReferenceId': 'NIST_800_53', 'Identifiers': ['SI-12']}];MANUAL;Manual check;manual_check;Manual check;manual;False
aws;Common Cloud Controls Catalog (CCC) for AWS;;;2026-07-10 17:23:12.798693;CCC.GenAI.CN03.AR01;When data is designated for model training or RAG ingestion, then its source MUST be explicitly approved and its provenance documented.;Data;The Data control family ensures the confidentiality, integrity, availability, and sovereignty of data across its lifecycle. These controls govern how data is transmitted, stored, replicated, and protected from unauthorized access, tampering, or exposure beyond defined trust perimeters.;CCC.GenAI.CN03 Data Provenance and Source Vetting;;Ensure that all data for training, fine-tuning or RAG comes from trusted, approved sources and is authorised for the intended purposes in order to prevent the initial introduction of malicious content or leaked sensitive data.;['tlp-clear', 'tlp-green', 'tlp-amber', 'tlp-red'];;[{'ReferenceId': 'CCC', 'Identifiers': ['CCC.GenAI.TH02', 'CCC.GenAI.TH03']}];[{'ReferenceId': 'FINOS-AIGF', 'Identifiers': ['AIR-PREV-006']}, {'ReferenceId': 'SAIF', 'Identifiers': ['Training Data Management']}, {'ReferenceId': 'MITRE-ATLAS', 'Identifiers': ['AML.M0025']}];MANUAL;Manual check;manual_check;Manual check;manual;False
aws;Common Cloud Controls Catalog (CCC) for AWS;;;2026-07-10 17:23:12.798693;CCC.GenAI.CN03.AR02;Data from unvetted sources MUST NOT be used in production systems.;Data;The Data control family ensures the confidentiality, integrity, availability, and sovereignty of data across its lifecycle. These controls govern how data is transmitted, stored, replicated, and protected from unauthorized access, tampering, or exposure beyond defined trust perimeters.;CCC.GenAI.CN03 Data Provenance and Source Vetting;;Ensure that all data for training, fine-tuning or RAG comes from trusted, approved sources and is authorised for the intended purposes in order to prevent the initial introduction of malicious content or leaked sensitive data.;['tlp-clear', 'tlp-green', 'tlp-amber', 'tlp-red'];;[{'ReferenceId': 'CCC', 'Identifiers': ['CCC.GenAI.TH02', 'CCC.GenAI.TH03']}];[{'ReferenceId': 'FINOS-AIGF', 'Identifiers': ['AIR-PREV-006']}, {'ReferenceId': 'SAIF', 'Identifiers': ['Training Data Management']}, {'ReferenceId': 'MITRE-ATLAS', 'Identifiers': ['AML.M0025']}];MANUAL;Manual check;manual_check;Manual check;manual;False
aws;Common Cloud Controls Catalog (CCC) for AWS;;;2026-07-10 17:23:12.798693;CCC.GenAI.CN07.AR01;When an application makes an API call to a foundational model in a production environment, then it MUST specify an explicit version identifier.;Configuration Management;The Configuration Management control family involves establishing, maintaining and monitoring the configuration of the service and related applications and infrastructure to ensure consistency, secure defaults and compliance.;CCC.GenAI.CN07 Model Version Pinning;;"Mandate that applications are locked (""pinned"") to a specific, tested version of a foundational model to prevent unexpected behaviour changes introduced by provider-side updates.";['tlp-clear', 'tlp-green', 'tlp-amber', 'tlp-red'];;[{'ReferenceId': 'CCC', 'Identifiers': ['CCC.GenAI.TH10']}];[{'ReferenceId': 'FINOS-AIGF', 'Identifiers': ['AIR-PREV-010']}];MANUAL;Manual check;manual_check;Manual check;manual;False
aws;Common Cloud Controls Catalog (CCC) for AWS;;;2026-07-10 17:23:12.798693;CCC.GenAI.CN08.AR01;When a new AI model is considered for production deployment, it MUST undergo a formal red teaming and quality assurance review.;Model Assurance and Evaluation;The Model Assurance and Evaluation control family encompasses the proactiveand continuous processes of testing and validating the AI model's behavior to ensure it aligns with safety, ethical, and quality standards.;CCC.GenAI.CN08 Quality Control and Red Teaming;;Establish a formal program for quality evaluation and adversarial testing (red teaming) to ensure GenAI system meet all business, quality, security and compliance requirements before getting deployed into production environments.;['tlp-clear', 'tlp-green', 'tlp-amber', 'tlp-red'];;[{'ReferenceId': 'CCC', 'Identifiers': ['CCC.GenAI.TH01', 'CCC.GenAI.TH02', 'CCC.GenAI.TH04', 'CCC.GenAI.TH08', 'CCC.GenAI.TH10']}];[{'ReferenceId': 'FINOS-AIGF', 'Identifiers': ['AIR-PREV-005']}, {'ReferenceId': 'SAIF', 'Identifiers': ['Adversarial Training and Testing', 'Red Teaming', 'Product Governance']}, {'ReferenceId': 'MITRE-ATLAS', 'Identifiers': ['AML.M0008']}];MANUAL;Manual check;manual_check;Manual check;manual;False
aws;Common Cloud Controls Catalog (CCC) for AWS;;;2026-07-10 17:23:12.798693;CCC.GenAI.CN08.AR02;If model quality review or red teaming identifies an issue that exceeds the organization's risk tolerance, the model MUST NOT be deployed until the issue is remediated.;Model Assurance and Evaluation;The Model Assurance and Evaluation control family encompasses the proactiveand continuous processes of testing and validating the AI model's behavior to ensure it aligns with safety, ethical, and quality standards.;CCC.GenAI.CN08 Quality Control and Red Teaming;;Establish a formal program for quality evaluation and adversarial testing (red teaming) to ensure GenAI system meet all business, quality, security and compliance requirements before getting deployed into production environments.;['tlp-clear', 'tlp-green', 'tlp-amber', 'tlp-red'];;[{'ReferenceId': 'CCC', 'Identifiers': ['CCC.GenAI.TH01', 'CCC.GenAI.TH02', 'CCC.GenAI.TH04', 'CCC.GenAI.TH08', 'CCC.GenAI.TH10']}];[{'ReferenceId': 'FINOS-AIGF', 'Identifiers': ['AIR-PREV-005']}, {'ReferenceId': 'SAIF', 'Identifiers': ['Adversarial Training and Testing', 'Red Teaming', 'Product Governance']}, {'ReferenceId': 'MITRE-ATLAS', 'Identifiers': ['AML.M0008']}];MANUAL;Manual check;manual_check;Manual check;manual;False
aws;Common Cloud Controls Catalog (CCC) for AWS;;;2026-07-10 17:23:12.798693;CCC.MLDE.CN02.AR01;Confirm that file download functionality is disabled on MLDE instances containing sensitive data.;Data Protection;TODO: Describe this control family;CCC.MLDE.CN02 Disable File Downloads on MLDE Instances;;Prevent unauthorized file downloads from MLDE instances to protect sensitive data from being exfiltrated.;['tlp-red'];;[{'ReferenceId': 'CCC', 'Identifiers': ['CCC.MLDE.TH02', 'CCC.Core.TH02']}];[{'ReferenceId': 'NIST-CSF', 'Identifiers': ['PR.DS-5']}, {'ReferenceId': 'CCM', 'Identifiers': ['DSI-05', 'DSI-07']}, {'ReferenceId': 'ISO_27001', 'Identifiers': ['2013 A.13.2.1']}, {'ReferenceId': 'NIST_800_53', 'Identifiers': ['SC-7', 'SC-8']}];MANUAL;Manual check;manual_check;Manual check;manual;False
aws;Common Cloud Controls Catalog (CCC) for AWS;;;2026-07-10 17:23:12.798693;CCC.MLDE.CN02.AR02;For MLDE instances without sensitive data, ensure that file downloads are monitored and logged.;Data Protection;TODO: Describe this control family;CCC.MLDE.CN02 Disable File Downloads on MLDE Instances;;Prevent unauthorized file downloads from MLDE instances to protect sensitive data from being exfiltrated.;['tlp-red', 'tlp-amber', 'tlp-green', 'tlp-clear'];;[{'ReferenceId': 'CCC', 'Identifiers': ['CCC.MLDE.TH02', 'CCC.Core.TH02']}];[{'ReferenceId': 'NIST-CSF', 'Identifiers': ['PR.DS-5']}, {'ReferenceId': 'CCM', 'Identifiers': ['DSI-05', 'DSI-07']}, {'ReferenceId': 'ISO_27001', 'Identifiers': ['2013 A.13.2.1']}, {'ReferenceId': 'NIST_800_53', 'Identifiers': ['SC-7', 'SC-8']}];MANUAL;Manual check;manual_check;Manual check;manual;False
aws;Common Cloud Controls Catalog (CCC) for AWS;;;2026-07-10 17:23:12.798693;CCC.MLDE.CN05.AR01;Verify that only approved VM and container images can be selected when creating MLDE instances.;Configuration Management;TODO: Describe this control family;CCC.MLDE.CN05 Restrict Environment Options on MLDE Instances;;Limit the virtual machine and container image options available when creating new MLDE instances to approved and secure configurations.;['tlp-red', 'tlp-amber'];;[{'ReferenceId': 'CCC', 'Identifiers': ['CCC.MLDE.TH04']}];[{'ReferenceId': 'NIST-CSF', 'Identifiers': ['PR.IP-1']}, {'ReferenceId': 'CCM', 'Identifiers': ['TVM-02']}, {'ReferenceId': 'ISO_27001', 'Identifiers': ['2013 A.12.5.1']}, {'ReferenceId': 'NIST_800_53', 'Identifiers': ['CM-2']}];MANUAL;Manual check;manual_check;Manual check;manual;False
aws;Common Cloud Controls Catalog (CCC) for AWS;;;2026-07-10 17:23:12.798693;CCC.MLDE.CN05.AR02;Attempt to create an MLDE instance with an unapproved image and confirm that it is denied.;Configuration Management;TODO: Describe this control family;CCC.MLDE.CN05 Restrict Environment Options on MLDE Instances;;Limit the virtual machine and container image options available when creating new MLDE instances to approved and secure configurations.;['tlp-red'];;[{'ReferenceId': 'CCC', 'Identifiers': ['CCC.MLDE.TH04']}];[{'ReferenceId': 'NIST-CSF', 'Identifiers': ['PR.IP-1']}, {'ReferenceId': 'CCM', 'Identifiers': ['TVM-02']}, {'ReferenceId': 'ISO_27001', 'Identifiers': ['2013 A.12.5.1']}, {'ReferenceId': 'NIST_800_53', 'Identifiers': ['CM-2']}];MANUAL;Manual check;manual_check;Manual check;manual;False
aws;Common Cloud Controls Catalog (CCC) for AWS;;;2026-07-10 17:23:12.798693;CCC.MLDE.CN06.AR01;Verify that automatic scheduled upgrades are enabled on user-managed MLDE instances containing sensitive data.;Vulnerability Management;TODO: Describe this control family;CCC.MLDE.CN06 Require Automatic Scheduled Upgrades on User-Managed MLDE Instances;;Ensure that MLDE instances are kept up-to-date with the latest security patches by enforcing automatic scheduled upgrades.;['tlp-red'];;[{'ReferenceId': 'CCC', 'Identifiers': ['CCC.MLDE.TH04', 'CCC.Core.TH06']}];[{'ReferenceId': 'NIST-CSF', 'Identifiers': ['PR.IP-12']}, {'ReferenceId': 'CCM', 'Identifiers': ['TVM-01', 'TVM-02']}, {'ReferenceId': 'ISO_27001', 'Identifiers': ['2013 A.12.6.1']}, {'ReferenceId': 'NIST_800_53', 'Identifiers': ['SI-2']}];MANUAL;Manual check;manual_check;Manual check;manual;False
aws;Common Cloud Controls Catalog (CCC) for AWS;;;2026-07-10 17:23:12.798693;CCC.MLDE.CN06.AR02;Ensure that the upgrade schedule is appropriately configured and does not interfere with critical operations.;Vulnerability Management;TODO: Describe this control family;CCC.MLDE.CN06 Require Automatic Scheduled Upgrades on User-Managed MLDE Instances;;Ensure that MLDE instances are kept up-to-date with the latest security patches by enforcing automatic scheduled upgrades.;['tlp-red', 'tlp-amber', 'tlp-green', 'tlp-clear'];;[{'ReferenceId': 'CCC', 'Identifiers': ['CCC.MLDE.TH04', 'CCC.Core.TH06']}];[{'ReferenceId': 'NIST-CSF', 'Identifiers': ['PR.IP-12']}, {'ReferenceId': 'CCM', 'Identifiers': ['TVM-01', 'TVM-02']}, {'ReferenceId': 'ISO_27001', 'Identifiers': ['2013 A.12.6.1']}, {'ReferenceId': 'NIST_800_53', 'Identifiers': ['SI-2']}];MANUAL;Manual check;manual_check;Manual check;manual;False
aws;Common Cloud Controls Catalog (CCC) for AWS;;;2026-07-10 17:23:12.798693;CCC.SvlsComp.CN02.AR01;"Send requests to invoke the function up to the allowed threshold and confirm they are successful; then send additional requests exceeding the threshold from the same entity and verify that they are denied.";Availability;TODO: Describe this control family;CCC.SvlsComp.CN02 Implement Function Invocation Rate Limits;;Ensure that function invocation is limited to a specified threshold from any single entity, preventing resource exhaustion and denial of service attacks.;['tlp-red', 'tlp-amber'];;[{'ReferenceId': 'CCC', 'Identifiers': ['CCC.Core.TH12']}];[{'ReferenceId': 'NIST-CSF', 'Identifiers': ['PR.DS-4']}, {'ReferenceId': 'NIST_800_53', 'Identifiers': ['SC-5']}];MANUAL;Manual check;manual_check;Manual check;manual;False
