PROVIDER;DESCRIPTION;ACCOUNTID;REGION;ASSESSMENTDATE;REQUIREMENTS_ID;REQUIREMENTS_DESCRIPTION;REQUIREMENTS_ATTRIBUTES_PILLAR;REQUIREMENTS_ATTRIBUTES_ARTICLE;REQUIREMENTS_ATTRIBUTES_ARTICLETITLE;STATUS;STATUSEXTENDED;RESOURCEID;RESOURCENAME;CHECKID;MUTED;FRAMEWORK;NAME
aws;"The Digital Operational Resilience Act (DORA) is a European Union regulation (Regulation (EU) 2022/2554) that sets a uniform framework for the digital operational resilience of the EU financial sector. Mandatory since 17 January 2025, it applies to financial entities (banks, insurers, investment firms, payment institutions, etc.) and to ICT third-party service providers. DORA is structured around five pillars: ICT risk management, ICT-related incident reporting, digital operational resilience testing, ICT third-party risk management, and information sharing. This Prowler mapping covers the technical controls auditable from cloud configuration; the organisational, contractual and supervisory obligations defined in DORA must be addressed outside of Prowler.";213146990554;ap-southeast-2;2026-07-14 16:40:35.360893;DORA-Art28;Financial entities shall manage ICT third-party risk as an integral component of ICT risk within their ICT risk management framework. Cross-account access, trust boundaries, organization-level controls and dependency visibility are critical to monitor third-party exposure on AWS.;ICT Third-Party Risk Management;Article 28;General principles (ICT third-party risk);PASS;CloudWatch doesn't allow cross-account sharing.;arn:aws:iam:ap-southeast-2:213146990554:role;213146990554;cloudwatch_cross_account_sharing_disabled;False;DORA;Digital Operational Resilience Act (Regulation (EU) 2022/2554)
aws;"The Digital Operational Resilience Act (DORA) is a European Union regulation (Regulation (EU) 2022/2554) that sets a uniform framework for the digital operational resilience of the EU financial sector. Mandatory since 17 January 2025, it applies to financial entities (banks, insurers, investment firms, payment institutions, etc.) and to ICT third-party service providers. DORA is structured around five pillars: ICT risk management, ICT-related incident reporting, digital operational resilience testing, ICT third-party risk management, and information sharing. This Prowler mapping covers the technical controls auditable from cloud configuration; the organisational, contractual and supervisory obligations defined in DORA must be addressed outside of Prowler.";213146990554;ap-southeast-2;2026-07-14 16:40:35.360893;DORA-Art8;Financial entities shall identify, classify and adequately document all ICT supported business functions, roles and responsibilities, the information assets and ICT assets supporting them, and their interdependencies. They shall on a continuous basis identify all sources of ICT risk, in particular the risk exposure to and from other financial entities.;ICT Risk Management;Article 8;Identification;FAIL;Security group launch-wizard-9 (sg-0e24f3f2bbca5b5fa) it is not being used.;arn:aws:ec2:ap-southeast-2:213146990554:security-group/sg-0e24f3f2bbca5b5fa;sg-0e24f3f2bbca5b5fa;ec2_securitygroup_not_used;False;DORA;Digital Operational Resilience Act (Regulation (EU) 2022/2554)
aws;"The Digital Operational Resilience Act (DORA) is a European Union regulation (Regulation (EU) 2022/2554) that sets a uniform framework for the digital operational resilience of the EU financial sector. Mandatory since 17 January 2025, it applies to financial entities (banks, insurers, investment firms, payment institutions, etc.) and to ICT third-party service providers. DORA is structured around five pillars: ICT risk management, ICT-related incident reporting, digital operational resilience testing, ICT third-party risk management, and information sharing. This Prowler mapping covers the technical controls auditable from cloud configuration; the organisational, contractual and supervisory obligations defined in DORA must be addressed outside of Prowler.";213146990554;ap-southeast-2;2026-07-14 16:40:35.360893;DORA-Art8;Financial entities shall identify, classify and adequately document all ICT supported business functions, roles and responsibilities, the information assets and ICT assets supporting them, and their interdependencies. They shall on a continuous basis identify all sources of ICT risk, in particular the risk exposure to and from other financial entities.;ICT Risk Management;Article 8;Identification;FAIL;Security group Kali Linux-2025.4-amd64-AutogenByAWSMP--1 (sg-0dd8eae2e1153c210) it is not being used.;arn:aws:ec2:ap-southeast-2:213146990554:security-group/sg-0dd8eae2e1153c210;sg-0dd8eae2e1153c210;ec2_securitygroup_not_used;False;DORA;Digital Operational Resilience Act (Regulation (EU) 2022/2554)
aws;"The Digital Operational Resilience Act (DORA) is a European Union regulation (Regulation (EU) 2022/2554) that sets a uniform framework for the digital operational resilience of the EU financial sector. Mandatory since 17 January 2025, it applies to financial entities (banks, insurers, investment firms, payment institutions, etc.) and to ICT third-party service providers. DORA is structured around five pillars: ICT risk management, ICT-related incident reporting, digital operational resilience testing, ICT third-party risk management, and information sharing. This Prowler mapping covers the technical controls auditable from cloud configuration; the organisational, contractual and supervisory obligations defined in DORA must be addressed outside of Prowler.";213146990554;ap-southeast-2;2026-07-14 16:40:35.360893;DORA-Art8;Financial entities shall identify, classify and adequately document all ICT supported business functions, roles and responsibilities, the information assets and ICT assets supporting them, and their interdependencies. They shall on a continuous basis identify all sources of ICT risk, in particular the risk exposure to and from other financial entities.;ICT Risk Management;Article 8;Identification;FAIL;Security group launch-wizard-24 (sg-01b40d1c357914bca) it is not being used.;arn:aws:ec2:ap-southeast-2:213146990554:security-group/sg-01b40d1c357914bca;sg-01b40d1c357914bca;ec2_securitygroup_not_used;False;DORA;Digital Operational Resilience Act (Regulation (EU) 2022/2554)
aws;"The Digital Operational Resilience Act (DORA) is a European Union regulation (Regulation (EU) 2022/2554) that sets a uniform framework for the digital operational resilience of the EU financial sector. Mandatory since 17 January 2025, it applies to financial entities (banks, insurers, investment firms, payment institutions, etc.) and to ICT third-party service providers. DORA is structured around five pillars: ICT risk management, ICT-related incident reporting, digital operational resilience testing, ICT third-party risk management, and information sharing. This Prowler mapping covers the technical controls auditable from cloud configuration; the organisational, contractual and supervisory obligations defined in DORA must be addressed outside of Prowler.";213146990554;ap-southeast-2;2026-07-14 16:40:35.360893;DORA-Art8;Financial entities shall identify, classify and adequately document all ICT supported business functions, roles and responsibilities, the information assets and ICT assets supporting them, and their interdependencies. They shall on a continuous basis identify all sources of ICT risk, in particular the risk exposure to and from other financial entities.;ICT Risk Management;Article 8;Identification;FAIL;Security group launch-wizard-14 (sg-00b892f9efa4e0814) it is not being used.;arn:aws:ec2:ap-southeast-2:213146990554:security-group/sg-00b892f9efa4e0814;sg-00b892f9efa4e0814;ec2_securitygroup_not_used;False;DORA;Digital Operational Resilience Act (Regulation (EU) 2022/2554)
aws;"The Digital Operational Resilience Act (DORA) is a European Union regulation (Regulation (EU) 2022/2554) that sets a uniform framework for the digital operational resilience of the EU financial sector. Mandatory since 17 January 2025, it applies to financial entities (banks, insurers, investment firms, payment institutions, etc.) and to ICT third-party service providers. DORA is structured around five pillars: ICT risk management, ICT-related incident reporting, digital operational resilience testing, ICT third-party risk management, and information sharing. This Prowler mapping covers the technical controls auditable from cloud configuration; the organisational, contractual and supervisory obligations defined in DORA must be addressed outside of Prowler.";213146990554;ap-southeast-2;2026-07-14 16:40:35.360893;DORA-Art8;Financial entities shall identify, classify and adequately document all ICT supported business functions, roles and responsibilities, the information assets and ICT assets supporting them, and their interdependencies. They shall on a continuous basis identify all sources of ICT risk, in particular the risk exposure to and from other financial entities.;ICT Risk Management;Article 8;Identification;FAIL;Security group launch-wizard-15 (sg-0bc66643e651629dd) it is not being used.;arn:aws:ec2:ap-southeast-2:213146990554:security-group/sg-0bc66643e651629dd;sg-0bc66643e651629dd;ec2_securitygroup_not_used;False;DORA;Digital Operational Resilience Act (Regulation (EU) 2022/2554)
aws;"The Digital Operational Resilience Act (DORA) is a European Union regulation (Regulation (EU) 2022/2554) that sets a uniform framework for the digital operational resilience of the EU financial sector. Mandatory since 17 January 2025, it applies to financial entities (banks, insurers, investment firms, payment institutions, etc.) and to ICT third-party service providers. DORA is structured around five pillars: ICT risk management, ICT-related incident reporting, digital operational resilience testing, ICT third-party risk management, and information sharing. This Prowler mapping covers the technical controls auditable from cloud configuration; the organisational, contractual and supervisory obligations defined in DORA must be addressed outside of Prowler.";213146990554;ap-southeast-2;2026-07-14 16:40:35.360893;DORA-Art8;Financial entities shall identify, classify and adequately document all ICT supported business functions, roles and responsibilities, the information assets and ICT assets supporting them, and their interdependencies. They shall on a continuous basis identify all sources of ICT risk, in particular the risk exposure to and from other financial entities.;ICT Risk Management;Article 8;Identification;FAIL;Security group launch-wizard-12 (sg-04a9ab6d35a6a8de4) it is not being used.;arn:aws:ec2:ap-southeast-2:213146990554:security-group/sg-04a9ab6d35a6a8de4;sg-04a9ab6d35a6a8de4;ec2_securitygroup_not_used;False;DORA;Digital Operational Resilience Act (Regulation (EU) 2022/2554)
aws;"The Digital Operational Resilience Act (DORA) is a European Union regulation (Regulation (EU) 2022/2554) that sets a uniform framework for the digital operational resilience of the EU financial sector. Mandatory since 17 January 2025, it applies to financial entities (banks, insurers, investment firms, payment institutions, etc.) and to ICT third-party service providers. DORA is structured around five pillars: ICT risk management, ICT-related incident reporting, digital operational resilience testing, ICT third-party risk management, and information sharing. This Prowler mapping covers the technical controls auditable from cloud configuration; the organisational, contractual and supervisory obligations defined in DORA must be addressed outside of Prowler.";213146990554;ap-southeast-2;2026-07-14 16:40:35.360893;DORA-Art8;Financial entities shall identify, classify and adequately document all ICT supported business functions, roles and responsibilities, the information assets and ICT assets supporting them, and their interdependencies. They shall on a continuous basis identify all sources of ICT risk, in particular the risk exposure to and from other financial entities.;ICT Risk Management;Article 8;Identification;FAIL;Security group Kali Linux-2026.1-amd64-AutogenByAWSMP--4 (sg-044ad0ea7338dbce0) it is not being used.;arn:aws:ec2:ap-southeast-2:213146990554:security-group/sg-044ad0ea7338dbce0;sg-044ad0ea7338dbce0;ec2_securitygroup_not_used;False;DORA;Digital Operational Resilience Act (Regulation (EU) 2022/2554)
aws;"The Digital Operational Resilience Act (DORA) is a European Union regulation (Regulation (EU) 2022/2554) that sets a uniform framework for the digital operational resilience of the EU financial sector. Mandatory since 17 January 2025, it applies to financial entities (banks, insurers, investment firms, payment institutions, etc.) and to ICT third-party service providers. DORA is structured around five pillars: ICT risk management, ICT-related incident reporting, digital operational resilience testing, ICT third-party risk management, and information sharing. This Prowler mapping covers the technical controls auditable from cloud configuration; the organisational, contractual and supervisory obligations defined in DORA must be addressed outside of Prowler.";213146990554;ap-southeast-2;2026-07-14 16:40:35.360893;DORA-Art8;Financial entities shall identify, classify and adequately document all ICT supported business functions, roles and responsibilities, the information assets and ICT assets supporting them, and their interdependencies. They shall on a continuous basis identify all sources of ICT risk, in particular the risk exposure to and from other financial entities.;ICT Risk Management;Article 8;Identification;FAIL;Security group launch-wizard-28 (sg-0003161c3fb914627) it is not being used.;arn:aws:ec2:ap-southeast-2:213146990554:security-group/sg-0003161c3fb914627;sg-0003161c3fb914627;ec2_securitygroup_not_used;False;DORA;Digital Operational Resilience Act (Regulation (EU) 2022/2554)
aws;"The Digital Operational Resilience Act (DORA) is a European Union regulation (Regulation (EU) 2022/2554) that sets a uniform framework for the digital operational resilience of the EU financial sector. Mandatory since 17 January 2025, it applies to financial entities (banks, insurers, investment firms, payment institutions, etc.) and to ICT third-party service providers. DORA is structured around five pillars: ICT risk management, ICT-related incident reporting, digital operational resilience testing, ICT third-party risk management, and information sharing. This Prowler mapping covers the technical controls auditable from cloud configuration; the organisational, contractual and supervisory obligations defined in DORA must be addressed outside of Prowler.";213146990554;ap-southeast-2;2026-07-14 16:40:35.360893;DORA-Art8;Financial entities shall identify, classify and adequately document all ICT supported business functions, roles and responsibilities, the information assets and ICT assets supporting them, and their interdependencies. They shall on a continuous basis identify all sources of ICT risk, in particular the risk exposure to and from other financial entities.;ICT Risk Management;Article 8;Identification;FAIL;Security group Kali Linux-2026.1-amd64-AutogenByAWSMP--7 (sg-0b16338608e021959) it is not being used.;arn:aws:ec2:ap-southeast-2:213146990554:security-group/sg-0b16338608e021959;sg-0b16338608e021959;ec2_securitygroup_not_used;False;DORA;Digital Operational Resilience Act (Regulation (EU) 2022/2554)
aws;"The Digital Operational Resilience Act (DORA) is a European Union regulation (Regulation (EU) 2022/2554) that sets a uniform framework for the digital operational resilience of the EU financial sector. Mandatory since 17 January 2025, it applies to financial entities (banks, insurers, investment firms, payment institutions, etc.) and to ICT third-party service providers. DORA is structured around five pillars: ICT risk management, ICT-related incident reporting, digital operational resilience testing, ICT third-party risk management, and information sharing. This Prowler mapping covers the technical controls auditable from cloud configuration; the organisational, contractual and supervisory obligations defined in DORA must be addressed outside of Prowler.";213146990554;ap-southeast-2;2026-07-14 16:40:35.360893;DORA-Art8;Financial entities shall identify, classify and adequately document all ICT supported business functions, roles and responsibilities, the information assets and ICT assets supporting them, and their interdependencies. They shall on a continuous basis identify all sources of ICT risk, in particular the risk exposure to and from other financial entities.;ICT Risk Management;Article 8;Identification;FAIL;Security group Kali Linux-2026.1-amd64-AutogenByAWSMP--6 (sg-034bdb14753e85207) it is not being used.;arn:aws:ec2:ap-southeast-2:213146990554:security-group/sg-034bdb14753e85207;sg-034bdb14753e85207;ec2_securitygroup_not_used;False;DORA;Digital Operational Resilience Act (Regulation (EU) 2022/2554)
aws;"The Digital Operational Resilience Act (DORA) is a European Union regulation (Regulation (EU) 2022/2554) that sets a uniform framework for the digital operational resilience of the EU financial sector. Mandatory since 17 January 2025, it applies to financial entities (banks, insurers, investment firms, payment institutions, etc.) and to ICT third-party service providers. DORA is structured around five pillars: ICT risk management, ICT-related incident reporting, digital operational resilience testing, ICT third-party risk management, and information sharing. This Prowler mapping covers the technical controls auditable from cloud configuration; the organisational, contractual and supervisory obligations defined in DORA must be addressed outside of Prowler.";213146990554;ap-southeast-2;2026-07-14 16:40:35.360893;DORA-Art8;Financial entities shall identify, classify and adequately document all ICT supported business functions, roles and responsibilities, the information assets and ICT assets supporting them, and their interdependencies. They shall on a continuous basis identify all sources of ICT risk, in particular the risk exposure to and from other financial entities.;ICT Risk Management;Article 8;Identification;FAIL;Security group EG-SG (sg-03667e84668fbefee) it is not being used.;arn:aws:ec2:ap-southeast-2:213146990554:security-group/sg-03667e84668fbefee;sg-03667e84668fbefee;ec2_securitygroup_not_used;False;DORA;Digital Operational Resilience Act (Regulation (EU) 2022/2554)
aws;"The Digital Operational Resilience Act (DORA) is a European Union regulation (Regulation (EU) 2022/2554) that sets a uniform framework for the digital operational resilience of the EU financial sector. Mandatory since 17 January 2025, it applies to financial entities (banks, insurers, investment firms, payment institutions, etc.) and to ICT third-party service providers. DORA is structured around five pillars: ICT risk management, ICT-related incident reporting, digital operational resilience testing, ICT third-party risk management, and information sharing. This Prowler mapping covers the technical controls auditable from cloud configuration; the organisational, contractual and supervisory obligations defined in DORA must be addressed outside of Prowler.";213146990554;ap-southeast-2;2026-07-14 16:40:35.360893;DORA-Art8;Financial entities shall identify, classify and adequately document all ICT supported business functions, roles and responsibilities, the information assets and ICT assets supporting them, and their interdependencies. They shall on a continuous basis identify all sources of ICT risk, in particular the risk exposure to and from other financial entities.;ICT Risk Management;Article 8;Identification;FAIL;Security group launch-wizard-2 (sg-0e3756b7faacf9749) it is not being used.;arn:aws:ec2:ap-southeast-2:213146990554:security-group/sg-0e3756b7faacf9749;sg-0e3756b7faacf9749;ec2_securitygroup_not_used;False;DORA;Digital Operational Resilience Act (Regulation (EU) 2022/2554)
aws;"The Digital Operational Resilience Act (DORA) is a European Union regulation (Regulation (EU) 2022/2554) that sets a uniform framework for the digital operational resilience of the EU financial sector. Mandatory since 17 January 2025, it applies to financial entities (banks, insurers, investment firms, payment institutions, etc.) and to ICT third-party service providers. DORA is structured around five pillars: ICT risk management, ICT-related incident reporting, digital operational resilience testing, ICT third-party risk management, and information sharing. This Prowler mapping covers the technical controls auditable from cloud configuration; the organisational, contractual and supervisory obligations defined in DORA must be addressed outside of Prowler.";213146990554;ap-southeast-2;2026-07-14 16:40:35.360893;DORA-Art8;Financial entities shall identify, classify and adequately document all ICT supported business functions, roles and responsibilities, the information assets and ICT assets supporting them, and their interdependencies. They shall on a continuous basis identify all sources of ICT risk, in particular the risk exposure to and from other financial entities.;ICT Risk Management;Article 8;Identification;FAIL;Security group launch-wizard-16 (sg-0b8ded5ed0698a732) it is not being used.;arn:aws:ec2:ap-southeast-2:213146990554:security-group/sg-0b8ded5ed0698a732;sg-0b8ded5ed0698a732;ec2_securitygroup_not_used;False;DORA;Digital Operational Resilience Act (Regulation (EU) 2022/2554)
aws;"The Digital Operational Resilience Act (DORA) is a European Union regulation (Regulation (EU) 2022/2554) that sets a uniform framework for the digital operational resilience of the EU financial sector. Mandatory since 17 January 2025, it applies to financial entities (banks, insurers, investment firms, payment institutions, etc.) and to ICT third-party service providers. DORA is structured around five pillars: ICT risk management, ICT-related incident reporting, digital operational resilience testing, ICT third-party risk management, and information sharing. This Prowler mapping covers the technical controls auditable from cloud configuration; the organisational, contractual and supervisory obligations defined in DORA must be addressed outside of Prowler.";213146990554;ap-southeast-2;2026-07-14 16:40:35.360893;DORA-Art8;Financial entities shall identify, classify and adequately document all ICT supported business functions, roles and responsibilities, the information assets and ICT assets supporting them, and their interdependencies. They shall on a continuous basis identify all sources of ICT risk, in particular the risk exposure to and from other financial entities.;ICT Risk Management;Article 8;Identification;FAIL;Security group launch-wizard-3 (sg-0a7306065b047c47a) it is not being used.;arn:aws:ec2:ap-southeast-2:213146990554:security-group/sg-0a7306065b047c47a;sg-0a7306065b047c47a;ec2_securitygroup_not_used;False;DORA;Digital Operational Resilience Act (Regulation (EU) 2022/2554)
aws;"The Digital Operational Resilience Act (DORA) is a European Union regulation (Regulation (EU) 2022/2554) that sets a uniform framework for the digital operational resilience of the EU financial sector. Mandatory since 17 January 2025, it applies to financial entities (banks, insurers, investment firms, payment institutions, etc.) and to ICT third-party service providers. DORA is structured around five pillars: ICT risk management, ICT-related incident reporting, digital operational resilience testing, ICT third-party risk management, and information sharing. This Prowler mapping covers the technical controls auditable from cloud configuration; the organisational, contractual and supervisory obligations defined in DORA must be addressed outside of Prowler.";213146990554;ap-southeast-2;2026-07-14 16:40:35.360893;DORA-Art8;Financial entities shall identify, classify and adequately document all ICT supported business functions, roles and responsibilities, the information assets and ICT assets supporting them, and their interdependencies. They shall on a continuous basis identify all sources of ICT risk, in particular the risk exposure to and from other financial entities.;ICT Risk Management;Article 8;Identification;FAIL;Security group launch-wizard-21 (sg-0e126e8fe16324420) it is not being used.;arn:aws:ec2:ap-southeast-2:213146990554:security-group/sg-0e126e8fe16324420;sg-0e126e8fe16324420;ec2_securitygroup_not_used;False;DORA;Digital Operational Resilience Act (Regulation (EU) 2022/2554)
aws;"The Digital Operational Resilience Act (DORA) is a European Union regulation (Regulation (EU) 2022/2554) that sets a uniform framework for the digital operational resilience of the EU financial sector. Mandatory since 17 January 2025, it applies to financial entities (banks, insurers, investment firms, payment institutions, etc.) and to ICT third-party service providers. DORA is structured around five pillars: ICT risk management, ICT-related incident reporting, digital operational resilience testing, ICT third-party risk management, and information sharing. This Prowler mapping covers the technical controls auditable from cloud configuration; the organisational, contractual and supervisory obligations defined in DORA must be addressed outside of Prowler.";213146990554;ap-southeast-2;2026-07-14 16:40:35.360893;DORA-Art8;Financial entities shall identify, classify and adequately document all ICT supported business functions, roles and responsibilities, the information assets and ICT assets supporting them, and their interdependencies. They shall on a continuous basis identify all sources of ICT risk, in particular the risk exposure to and from other financial entities.;ICT Risk Management;Article 8;Identification;FAIL;Security group launch-wizard-19 (sg-05dd4ebdd18f412c1) it is not being used.;arn:aws:ec2:ap-southeast-2:213146990554:security-group/sg-05dd4ebdd18f412c1;sg-05dd4ebdd18f412c1;ec2_securitygroup_not_used;False;DORA;Digital Operational Resilience Act (Regulation (EU) 2022/2554)
aws;"The Digital Operational Resilience Act (DORA) is a European Union regulation (Regulation (EU) 2022/2554) that sets a uniform framework for the digital operational resilience of the EU financial sector. Mandatory since 17 January 2025, it applies to financial entities (banks, insurers, investment firms, payment institutions, etc.) and to ICT third-party service providers. DORA is structured around five pillars: ICT risk management, ICT-related incident reporting, digital operational resilience testing, ICT third-party risk management, and information sharing. This Prowler mapping covers the technical controls auditable from cloud configuration; the organisational, contractual and supervisory obligations defined in DORA must be addressed outside of Prowler.";213146990554;ap-southeast-2;2026-07-14 16:40:35.360893;DORA-Art8;Financial entities shall identify, classify and adequately document all ICT supported business functions, roles and responsibilities, the information assets and ICT assets supporting them, and their interdependencies. They shall on a continuous basis identify all sources of ICT risk, in particular the risk exposure to and from other financial entities.;ICT Risk Management;Article 8;Identification;FAIL;Security group launch-wizard-7 (sg-0d759a2bdfa128cd1) it is not being used.;arn:aws:ec2:ap-southeast-2:213146990554:security-group/sg-0d759a2bdfa128cd1;sg-0d759a2bdfa128cd1;ec2_securitygroup_not_used;False;DORA;Digital Operational Resilience Act (Regulation (EU) 2022/2554)
aws;"The Digital Operational Resilience Act (DORA) is a European Union regulation (Regulation (EU) 2022/2554) that sets a uniform framework for the digital operational resilience of the EU financial sector. Mandatory since 17 January 2025, it applies to financial entities (banks, insurers, investment firms, payment institutions, etc.) and to ICT third-party service providers. DORA is structured around five pillars: ICT risk management, ICT-related incident reporting, digital operational resilience testing, ICT third-party risk management, and information sharing. This Prowler mapping covers the technical controls auditable from cloud configuration; the organisational, contractual and supervisory obligations defined in DORA must be addressed outside of Prowler.";213146990554;ap-southeast-2;2026-07-14 16:40:35.360893;DORA-Art8;Financial entities shall identify, classify and adequately document all ICT supported business functions, roles and responsibilities, the information assets and ICT assets supporting them, and their interdependencies. They shall on a continuous basis identify all sources of ICT risk, in particular the risk exposure to and from other financial entities.;ICT Risk Management;Article 8;Identification;FAIL;Security group launch-wizard-11 (sg-045dc2456086efc1d) it is not being used.;arn:aws:ec2:ap-southeast-2:213146990554:security-group/sg-045dc2456086efc1d;sg-045dc2456086efc1d;ec2_securitygroup_not_used;False;DORA;Digital Operational Resilience Act (Regulation (EU) 2022/2554)
aws;"The Digital Operational Resilience Act (DORA) is a European Union regulation (Regulation (EU) 2022/2554) that sets a uniform framework for the digital operational resilience of the EU financial sector. Mandatory since 17 January 2025, it applies to financial entities (banks, insurers, investment firms, payment institutions, etc.) and to ICT third-party service providers. DORA is structured around five pillars: ICT risk management, ICT-related incident reporting, digital operational resilience testing, ICT third-party risk management, and information sharing. This Prowler mapping covers the technical controls auditable from cloud configuration; the organisational, contractual and supervisory obligations defined in DORA must be addressed outside of Prowler.";213146990554;ap-southeast-2;2026-07-14 16:40:35.360893;DORA-Art8;Financial entities shall identify, classify and adequately document all ICT supported business functions, roles and responsibilities, the information assets and ICT assets supporting them, and their interdependencies. They shall on a continuous basis identify all sources of ICT risk, in particular the risk exposure to and from other financial entities.;ICT Risk Management;Article 8;Identification;FAIL;Security group Kali Linux-2026.1-amd64-AutogenByAWSMP--1 (sg-07c211d3ff7ed3416) it is not being used.;arn:aws:ec2:ap-southeast-2:213146990554:security-group/sg-07c211d3ff7ed3416;sg-07c211d3ff7ed3416;ec2_securitygroup_not_used;False;DORA;Digital Operational Resilience Act (Regulation (EU) 2022/2554)
aws;"The Digital Operational Resilience Act (DORA) is a European Union regulation (Regulation (EU) 2022/2554) that sets a uniform framework for the digital operational resilience of the EU financial sector. Mandatory since 17 January 2025, it applies to financial entities (banks, insurers, investment firms, payment institutions, etc.) and to ICT third-party service providers. DORA is structured around five pillars: ICT risk management, ICT-related incident reporting, digital operational resilience testing, ICT third-party risk management, and information sharing. This Prowler mapping covers the technical controls auditable from cloud configuration; the organisational, contractual and supervisory obligations defined in DORA must be addressed outside of Prowler.";213146990554;ap-southeast-2;2026-07-14 16:40:35.360893;DORA-Art8;Financial entities shall identify, classify and adequately document all ICT supported business functions, roles and responsibilities, the information assets and ICT assets supporting them, and their interdependencies. They shall on a continuous basis identify all sources of ICT risk, in particular the risk exposure to and from other financial entities.;ICT Risk Management;Article 8;Identification;FAIL;Security group launch-wizard-13 (sg-0fa04d76ad5a60f29) it is not being used.;arn:aws:ec2:ap-southeast-2:213146990554:security-group/sg-0fa04d76ad5a60f29;sg-0fa04d76ad5a60f29;ec2_securitygroup_not_used;False;DORA;Digital Operational Resilience Act (Regulation (EU) 2022/2554)
aws;"The Digital Operational Resilience Act (DORA) is a European Union regulation (Regulation (EU) 2022/2554) that sets a uniform framework for the digital operational resilience of the EU financial sector. Mandatory since 17 January 2025, it applies to financial entities (banks, insurers, investment firms, payment institutions, etc.) and to ICT third-party service providers. DORA is structured around five pillars: ICT risk management, ICT-related incident reporting, digital operational resilience testing, ICT third-party risk management, and information sharing. This Prowler mapping covers the technical controls auditable from cloud configuration; the organisational, contractual and supervisory obligations defined in DORA must be addressed outside of Prowler.";213146990554;ap-southeast-2;2026-07-14 16:40:35.360893;DORA-Art8;Financial entities shall identify, classify and adequately document all ICT supported business functions, roles and responsibilities, the information assets and ICT assets supporting them, and their interdependencies. They shall on a continuous basis identify all sources of ICT risk, in particular the risk exposure to and from other financial entities.;ICT Risk Management;Article 8;Identification;FAIL;Security group launch-wizard-25 (sg-0b304f3d171f7dd95) it is not being used.;arn:aws:ec2:ap-southeast-2:213146990554:security-group/sg-0b304f3d171f7dd95;sg-0b304f3d171f7dd95;ec2_securitygroup_not_used;False;DORA;Digital Operational Resilience Act (Regulation (EU) 2022/2554)
aws;"The Digital Operational Resilience Act (DORA) is a European Union regulation (Regulation (EU) 2022/2554) that sets a uniform framework for the digital operational resilience of the EU financial sector. Mandatory since 17 January 2025, it applies to financial entities (banks, insurers, investment firms, payment institutions, etc.) and to ICT third-party service providers. DORA is structured around five pillars: ICT risk management, ICT-related incident reporting, digital operational resilience testing, ICT third-party risk management, and information sharing. This Prowler mapping covers the technical controls auditable from cloud configuration; the organisational, contractual and supervisory obligations defined in DORA must be addressed outside of Prowler.";213146990554;ap-southeast-2;2026-07-14 16:40:35.360893;DORA-Art8;Financial entities shall identify, classify and adequately document all ICT supported business functions, roles and responsibilities, the information assets and ICT assets supporting them, and their interdependencies. They shall on a continuous basis identify all sources of ICT risk, in particular the risk exposure to and from other financial entities.;ICT Risk Management;Article 8;Identification;FAIL;Security group Kali Linux-2026.1-amd64-AutogenByAWSMP--3 (sg-091fb088c3998e4c9) it is not being used.;arn:aws:ec2:ap-southeast-2:213146990554:security-group/sg-091fb088c3998e4c9;sg-091fb088c3998e4c9;ec2_securitygroup_not_used;False;DORA;Digital Operational Resilience Act (Regulation (EU) 2022/2554)
aws;"The Digital Operational Resilience Act (DORA) is a European Union regulation (Regulation (EU) 2022/2554) that sets a uniform framework for the digital operational resilience of the EU financial sector. Mandatory since 17 January 2025, it applies to financial entities (banks, insurers, investment firms, payment institutions, etc.) and to ICT third-party service providers. DORA is structured around five pillars: ICT risk management, ICT-related incident reporting, digital operational resilience testing, ICT third-party risk management, and information sharing. This Prowler mapping covers the technical controls auditable from cloud configuration; the organisational, contractual and supervisory obligations defined in DORA must be addressed outside of Prowler.";213146990554;ap-southeast-2;2026-07-14 16:40:35.360893;DORA-Art8;Financial entities shall identify, classify and adequately document all ICT supported business functions, roles and responsibilities, the information assets and ICT assets supporting them, and their interdependencies. They shall on a continuous basis identify all sources of ICT risk, in particular the risk exposure to and from other financial entities.;ICT Risk Management;Article 8;Identification;FAIL;Security group launch-wizard-18 (sg-0f4d71516c8b2e2d3) it is not being used.;arn:aws:ec2:ap-southeast-2:213146990554:security-group/sg-0f4d71516c8b2e2d3;sg-0f4d71516c8b2e2d3;ec2_securitygroup_not_used;False;DORA;Digital Operational Resilience Act (Regulation (EU) 2022/2554)
aws;"The Digital Operational Resilience Act (DORA) is a European Union regulation (Regulation (EU) 2022/2554) that sets a uniform framework for the digital operational resilience of the EU financial sector. Mandatory since 17 January 2025, it applies to financial entities (banks, insurers, investment firms, payment institutions, etc.) and to ICT third-party service providers. DORA is structured around five pillars: ICT risk management, ICT-related incident reporting, digital operational resilience testing, ICT third-party risk management, and information sharing. This Prowler mapping covers the technical controls auditable from cloud configuration; the organisational, contractual and supervisory obligations defined in DORA must be addressed outside of Prowler.";213146990554;ap-southeast-2;2026-07-14 16:40:35.360893;DORA-Art8;Financial entities shall identify, classify and adequately document all ICT supported business functions, roles and responsibilities, the information assets and ICT assets supporting them, and their interdependencies. They shall on a continuous basis identify all sources of ICT risk, in particular the risk exposure to and from other financial entities.;ICT Risk Management;Article 8;Identification;FAIL;Security group launch-wizard-6 (sg-08acc1093fd79a732) it is not being used.;arn:aws:ec2:ap-southeast-2:213146990554:security-group/sg-08acc1093fd79a732;sg-08acc1093fd79a732;ec2_securitygroup_not_used;False;DORA;Digital Operational Resilience Act (Regulation (EU) 2022/2554)
aws;"The Digital Operational Resilience Act (DORA) is a European Union regulation (Regulation (EU) 2022/2554) that sets a uniform framework for the digital operational resilience of the EU financial sector. Mandatory since 17 January 2025, it applies to financial entities (banks, insurers, investment firms, payment institutions, etc.) and to ICT third-party service providers. DORA is structured around five pillars: ICT risk management, ICT-related incident reporting, digital operational resilience testing, ICT third-party risk management, and information sharing. This Prowler mapping covers the technical controls auditable from cloud configuration; the organisational, contractual and supervisory obligations defined in DORA must be addressed outside of Prowler.";213146990554;ap-southeast-2;2026-07-14 16:40:35.360893;DORA-Art8;Financial entities shall identify, classify and adequately document all ICT supported business functions, roles and responsibilities, the information assets and ICT assets supporting them, and their interdependencies. They shall on a continuous basis identify all sources of ICT risk, in particular the risk exposure to and from other financial entities.;ICT Risk Management;Article 8;Identification;FAIL;Security group launch-wizard-27 (sg-0de6d2a27e144ae35) it is not being used.;arn:aws:ec2:ap-southeast-2:213146990554:security-group/sg-0de6d2a27e144ae35;sg-0de6d2a27e144ae35;ec2_securitygroup_not_used;False;DORA;Digital Operational Resilience Act (Regulation (EU) 2022/2554)
aws;"The Digital Operational Resilience Act (DORA) is a European Union regulation (Regulation (EU) 2022/2554) that sets a uniform framework for the digital operational resilience of the EU financial sector. Mandatory since 17 January 2025, it applies to financial entities (banks, insurers, investment firms, payment institutions, etc.) and to ICT third-party service providers. DORA is structured around five pillars: ICT risk management, ICT-related incident reporting, digital operational resilience testing, ICT third-party risk management, and information sharing. This Prowler mapping covers the technical controls auditable from cloud configuration; the organisational, contractual and supervisory obligations defined in DORA must be addressed outside of Prowler.";213146990554;ap-southeast-2;2026-07-14 16:40:35.360893;DORA-Art8;Financial entities shall identify, classify and adequately document all ICT supported business functions, roles and responsibilities, the information assets and ICT assets supporting them, and their interdependencies. They shall on a continuous basis identify all sources of ICT risk, in particular the risk exposure to and from other financial entities.;ICT Risk Management;Article 8;Identification;FAIL;Security group launch-wizard-26 (sg-0c41cea7345a9798c) it is not being used.;arn:aws:ec2:ap-southeast-2:213146990554:security-group/sg-0c41cea7345a9798c;sg-0c41cea7345a9798c;ec2_securitygroup_not_used;False;DORA;Digital Operational Resilience Act (Regulation (EU) 2022/2554)
aws;"The Digital Operational Resilience Act (DORA) is a European Union regulation (Regulation (EU) 2022/2554) that sets a uniform framework for the digital operational resilience of the EU financial sector. Mandatory since 17 January 2025, it applies to financial entities (banks, insurers, investment firms, payment institutions, etc.) and to ICT third-party service providers. DORA is structured around five pillars: ICT risk management, ICT-related incident reporting, digital operational resilience testing, ICT third-party risk management, and information sharing. This Prowler mapping covers the technical controls auditable from cloud configuration; the organisational, contractual and supervisory obligations defined in DORA must be addressed outside of Prowler.";213146990554;ap-southeast-2;2026-07-14 16:40:35.360893;DORA-Art8;Financial entities shall identify, classify and adequately document all ICT supported business functions, roles and responsibilities, the information assets and ICT assets supporting them, and their interdependencies. They shall on a continuous basis identify all sources of ICT risk, in particular the risk exposure to and from other financial entities.;ICT Risk Management;Article 8;Identification;FAIL;Security group launch-wizard-23 (sg-045790af312b78364) it is not being used.;arn:aws:ec2:ap-southeast-2:213146990554:security-group/sg-045790af312b78364;sg-045790af312b78364;ec2_securitygroup_not_used;False;DORA;Digital Operational Resilience Act (Regulation (EU) 2022/2554)
aws;"The Digital Operational Resilience Act (DORA) is a European Union regulation (Regulation (EU) 2022/2554) that sets a uniform framework for the digital operational resilience of the EU financial sector. Mandatory since 17 January 2025, it applies to financial entities (banks, insurers, investment firms, payment institutions, etc.) and to ICT third-party service providers. DORA is structured around five pillars: ICT risk management, ICT-related incident reporting, digital operational resilience testing, ICT third-party risk management, and information sharing. This Prowler mapping covers the technical controls auditable from cloud configuration; the organisational, contractual and supervisory obligations defined in DORA must be addressed outside of Prowler.";213146990554;ap-southeast-2;2026-07-14 16:40:35.360893;DORA-Art8;Financial entities shall identify, classify and adequately document all ICT supported business functions, roles and responsibilities, the information assets and ICT assets supporting them, and their interdependencies. They shall on a continuous basis identify all sources of ICT risk, in particular the risk exposure to and from other financial entities.;ICT Risk Management;Article 8;Identification;FAIL;Security group launch-wizard-20 (sg-04fcbe519245d2d53) it is not being used.;arn:aws:ec2:ap-southeast-2:213146990554:security-group/sg-04fcbe519245d2d53;sg-04fcbe519245d2d53;ec2_securitygroup_not_used;False;DORA;Digital Operational Resilience Act (Regulation (EU) 2022/2554)
aws;"The Digital Operational Resilience Act (DORA) is a European Union regulation (Regulation (EU) 2022/2554) that sets a uniform framework for the digital operational resilience of the EU financial sector. Mandatory since 17 January 2025, it applies to financial entities (banks, insurers, investment firms, payment institutions, etc.) and to ICT third-party service providers. DORA is structured around five pillars: ICT risk management, ICT-related incident reporting, digital operational resilience testing, ICT third-party risk management, and information sharing. This Prowler mapping covers the technical controls auditable from cloud configuration; the organisational, contractual and supervisory obligations defined in DORA must be addressed outside of Prowler.";213146990554;ap-southeast-2;2026-07-14 16:40:35.360893;DORA-Art8;Financial entities shall identify, classify and adequately document all ICT supported business functions, roles and responsibilities, the information assets and ICT assets supporting them, and their interdependencies. They shall on a continuous basis identify all sources of ICT risk, in particular the risk exposure to and from other financial entities.;ICT Risk Management;Article 8;Identification;FAIL;Security group launch-wizard-29 (sg-080e0a6bfdfded924) it is not being used.;arn:aws:ec2:ap-southeast-2:213146990554:security-group/sg-080e0a6bfdfded924;sg-080e0a6bfdfded924;ec2_securitygroup_not_used;False;DORA;Digital Operational Resilience Act (Regulation (EU) 2022/2554)
aws;"The Digital Operational Resilience Act (DORA) is a European Union regulation (Regulation (EU) 2022/2554) that sets a uniform framework for the digital operational resilience of the EU financial sector. Mandatory since 17 January 2025, it applies to financial entities (banks, insurers, investment firms, payment institutions, etc.) and to ICT third-party service providers. DORA is structured around five pillars: ICT risk management, ICT-related incident reporting, digital operational resilience testing, ICT third-party risk management, and information sharing. This Prowler mapping covers the technical controls auditable from cloud configuration; the organisational, contractual and supervisory obligations defined in DORA must be addressed outside of Prowler.";213146990554;ap-southeast-2;2026-07-14 16:40:35.360893;DORA-Art8;Financial entities shall identify, classify and adequately document all ICT supported business functions, roles and responsibilities, the information assets and ICT assets supporting them, and their interdependencies. They shall on a continuous basis identify all sources of ICT risk, in particular the risk exposure to and from other financial entities.;ICT Risk Management;Article 8;Identification;FAIL;Security group launch-wizard-8 (sg-0ffe3f16ec9186f36) it is not being used.;arn:aws:ec2:ap-southeast-2:213146990554:security-group/sg-0ffe3f16ec9186f36;sg-0ffe3f16ec9186f36;ec2_securitygroup_not_used;False;DORA;Digital Operational Resilience Act (Regulation (EU) 2022/2554)
aws;"The Digital Operational Resilience Act (DORA) is a European Union regulation (Regulation (EU) 2022/2554) that sets a uniform framework for the digital operational resilience of the EU financial sector. Mandatory since 17 January 2025, it applies to financial entities (banks, insurers, investment firms, payment institutions, etc.) and to ICT third-party service providers. DORA is structured around five pillars: ICT risk management, ICT-related incident reporting, digital operational resilience testing, ICT third-party risk management, and information sharing. This Prowler mapping covers the technical controls auditable from cloud configuration; the organisational, contractual and supervisory obligations defined in DORA must be addressed outside of Prowler.";213146990554;ap-southeast-2;2026-07-14 16:40:35.360893;DORA-Art8;Financial entities shall identify, classify and adequately document all ICT supported business functions, roles and responsibilities, the information assets and ICT assets supporting them, and their interdependencies. They shall on a continuous basis identify all sources of ICT risk, in particular the risk exposure to and from other financial entities.;ICT Risk Management;Article 8;Identification;FAIL;Security group Kali Linux-2026.1-amd64-AutogenByAWSMP--5 (sg-02ddfdb7c2274ed3b) it is not being used.;arn:aws:ec2:ap-southeast-2:213146990554:security-group/sg-02ddfdb7c2274ed3b;sg-02ddfdb7c2274ed3b;ec2_securitygroup_not_used;False;DORA;Digital Operational Resilience Act (Regulation (EU) 2022/2554)
aws;"The Digital Operational Resilience Act (DORA) is a European Union regulation (Regulation (EU) 2022/2554) that sets a uniform framework for the digital operational resilience of the EU financial sector. Mandatory since 17 January 2025, it applies to financial entities (banks, insurers, investment firms, payment institutions, etc.) and to ICT third-party service providers. DORA is structured around five pillars: ICT risk management, ICT-related incident reporting, digital operational resilience testing, ICT third-party risk management, and information sharing. This Prowler mapping covers the technical controls auditable from cloud configuration; the organisational, contractual and supervisory obligations defined in DORA must be addressed outside of Prowler.";213146990554;ap-southeast-2;2026-07-14 16:40:35.360893;DORA-Art8;Financial entities shall identify, classify and adequately document all ICT supported business functions, roles and responsibilities, the information assets and ICT assets supporting them, and their interdependencies. They shall on a continuous basis identify all sources of ICT risk, in particular the risk exposure to and from other financial entities.;ICT Risk Management;Article 8;Identification;FAIL;Security group launch-wizard-4 (sg-047f254a8ebdbbf30) it is not being used.;arn:aws:ec2:ap-southeast-2:213146990554:security-group/sg-047f254a8ebdbbf30;sg-047f254a8ebdbbf30;ec2_securitygroup_not_used;False;DORA;Digital Operational Resilience Act (Regulation (EU) 2022/2554)
aws;"The Digital Operational Resilience Act (DORA) is a European Union regulation (Regulation (EU) 2022/2554) that sets a uniform framework for the digital operational resilience of the EU financial sector. Mandatory since 17 January 2025, it applies to financial entities (banks, insurers, investment firms, payment institutions, etc.) and to ICT third-party service providers. DORA is structured around five pillars: ICT risk management, ICT-related incident reporting, digital operational resilience testing, ICT third-party risk management, and information sharing. This Prowler mapping covers the technical controls auditable from cloud configuration; the organisational, contractual and supervisory obligations defined in DORA must be addressed outside of Prowler.";213146990554;ap-southeast-2;2026-07-14 16:40:35.360893;DORA-Art8;Financial entities shall identify, classify and adequately document all ICT supported business functions, roles and responsibilities, the information assets and ICT assets supporting them, and their interdependencies. They shall on a continuous basis identify all sources of ICT risk, in particular the risk exposure to and from other financial entities.;ICT Risk Management;Article 8;Identification;FAIL;Security group launch-wizard-1 (sg-060a180310cc93e3a) it is not being used.;arn:aws:ec2:ap-southeast-2:213146990554:security-group/sg-060a180310cc93e3a;sg-060a180310cc93e3a;ec2_securitygroup_not_used;False;DORA;Digital Operational Resilience Act (Regulation (EU) 2022/2554)
aws;"The Digital Operational Resilience Act (DORA) is a European Union regulation (Regulation (EU) 2022/2554) that sets a uniform framework for the digital operational resilience of the EU financial sector. Mandatory since 17 January 2025, it applies to financial entities (banks, insurers, investment firms, payment institutions, etc.) and to ICT third-party service providers. DORA is structured around five pillars: ICT risk management, ICT-related incident reporting, digital operational resilience testing, ICT third-party risk management, and information sharing. This Prowler mapping covers the technical controls auditable from cloud configuration; the organisational, contractual and supervisory obligations defined in DORA must be addressed outside of Prowler.";213146990554;ap-southeast-2;2026-07-14 16:40:35.360893;DORA-Art8;Financial entities shall identify, classify and adequately document all ICT supported business functions, roles and responsibilities, the information assets and ICT assets supporting them, and their interdependencies. They shall on a continuous basis identify all sources of ICT risk, in particular the risk exposure to and from other financial entities.;ICT Risk Management;Article 8;Identification;FAIL;Security group launch-wizard-5 (sg-06d75823ce655fc42) it is not being used.;arn:aws:ec2:ap-southeast-2:213146990554:security-group/sg-06d75823ce655fc42;sg-06d75823ce655fc42;ec2_securitygroup_not_used;False;DORA;Digital Operational Resilience Act (Regulation (EU) 2022/2554)
aws;"The Digital Operational Resilience Act (DORA) is a European Union regulation (Regulation (EU) 2022/2554) that sets a uniform framework for the digital operational resilience of the EU financial sector. Mandatory since 17 January 2025, it applies to financial entities (banks, insurers, investment firms, payment institutions, etc.) and to ICT third-party service providers. DORA is structured around five pillars: ICT risk management, ICT-related incident reporting, digital operational resilience testing, ICT third-party risk management, and information sharing. This Prowler mapping covers the technical controls auditable from cloud configuration; the organisational, contractual and supervisory obligations defined in DORA must be addressed outside of Prowler.";213146990554;ap-southeast-2;2026-07-14 16:40:35.360893;DORA-Art8;Financial entities shall identify, classify and adequately document all ICT supported business functions, roles and responsibilities, the information assets and ICT assets supporting them, and their interdependencies. They shall on a continuous basis identify all sources of ICT risk, in particular the risk exposure to and from other financial entities.;ICT Risk Management;Article 8;Identification;FAIL;Security group launch-wizard-22 (sg-0b3f5038592545c0e) it is not being used.;arn:aws:ec2:ap-southeast-2:213146990554:security-group/sg-0b3f5038592545c0e;sg-0b3f5038592545c0e;ec2_securitygroup_not_used;False;DORA;Digital Operational Resilience Act (Regulation (EU) 2022/2554)
aws;"The Digital Operational Resilience Act (DORA) is a European Union regulation (Regulation (EU) 2022/2554) that sets a uniform framework for the digital operational resilience of the EU financial sector. Mandatory since 17 January 2025, it applies to financial entities (banks, insurers, investment firms, payment institutions, etc.) and to ICT third-party service providers. DORA is structured around five pillars: ICT risk management, ICT-related incident reporting, digital operational resilience testing, ICT third-party risk management, and information sharing. This Prowler mapping covers the technical controls auditable from cloud configuration; the organisational, contractual and supervisory obligations defined in DORA must be addressed outside of Prowler.";213146990554;ap-southeast-2;2026-07-14 16:40:35.360893;DORA-Art8;Financial entities shall identify, classify and adequately document all ICT supported business functions, roles and responsibilities, the information assets and ICT assets supporting them, and their interdependencies. They shall on a continuous basis identify all sources of ICT risk, in particular the risk exposure to and from other financial entities.;ICT Risk Management;Article 8;Identification;FAIL;Security group launch-wizard-30 (sg-008231ea5552078ba) it is not being used.;arn:aws:ec2:ap-southeast-2:213146990554:security-group/sg-008231ea5552078ba;sg-008231ea5552078ba;ec2_securitygroup_not_used;False;DORA;Digital Operational Resilience Act (Regulation (EU) 2022/2554)
aws;"The Digital Operational Resilience Act (DORA) is a European Union regulation (Regulation (EU) 2022/2554) that sets a uniform framework for the digital operational resilience of the EU financial sector. Mandatory since 17 January 2025, it applies to financial entities (banks, insurers, investment firms, payment institutions, etc.) and to ICT third-party service providers. DORA is structured around five pillars: ICT risk management, ICT-related incident reporting, digital operational resilience testing, ICT third-party risk management, and information sharing. This Prowler mapping covers the technical controls auditable from cloud configuration; the organisational, contractual and supervisory obligations defined in DORA must be addressed outside of Prowler.";213146990554;ap-southeast-2;2026-07-14 16:40:35.360893;DORA-Art8;Financial entities shall identify, classify and adequately document all ICT supported business functions, roles and responsibilities, the information assets and ICT assets supporting them, and their interdependencies. They shall on a continuous basis identify all sources of ICT risk, in particular the risk exposure to and from other financial entities.;ICT Risk Management;Article 8;Identification;FAIL;Security group Kali Linux-2026.1-amd64-AutogenByAWSMP--2 (sg-0edc7e028df8de3e9) it is not being used.;arn:aws:ec2:ap-southeast-2:213146990554:security-group/sg-0edc7e028df8de3e9;sg-0edc7e028df8de3e9;ec2_securitygroup_not_used;False;DORA;Digital Operational Resilience Act (Regulation (EU) 2022/2554)
aws;"The Digital Operational Resilience Act (DORA) is a European Union regulation (Regulation (EU) 2022/2554) that sets a uniform framework for the digital operational resilience of the EU financial sector. Mandatory since 17 January 2025, it applies to financial entities (banks, insurers, investment firms, payment institutions, etc.) and to ICT third-party service providers. DORA is structured around five pillars: ICT risk management, ICT-related incident reporting, digital operational resilience testing, ICT third-party risk management, and information sharing. This Prowler mapping covers the technical controls auditable from cloud configuration; the organisational, contractual and supervisory obligations defined in DORA must be addressed outside of Prowler.";213146990554;ap-southeast-2;2026-07-14 16:40:35.360893;DORA-Art8;Financial entities shall identify, classify and adequately document all ICT supported business functions, roles and responsibilities, the information assets and ICT assets supporting them, and their interdependencies. They shall on a continuous basis identify all sources of ICT risk, in particular the risk exposure to and from other financial entities.;ICT Risk Management;Article 8;Identification;FAIL;Security group Kali Linux-2025.2-amd64-AutogenByAWSMP--1 (sg-03f34a362761817bd) it is not being used.;arn:aws:ec2:ap-southeast-2:213146990554:security-group/sg-03f34a362761817bd;sg-03f34a362761817bd;ec2_securitygroup_not_used;False;DORA;Digital Operational Resilience Act (Regulation (EU) 2022/2554)
aws;"The Digital Operational Resilience Act (DORA) is a European Union regulation (Regulation (EU) 2022/2554) that sets a uniform framework for the digital operational resilience of the EU financial sector. Mandatory since 17 January 2025, it applies to financial entities (banks, insurers, investment firms, payment institutions, etc.) and to ICT third-party service providers. DORA is structured around five pillars: ICT risk management, ICT-related incident reporting, digital operational resilience testing, ICT third-party risk management, and information sharing. This Prowler mapping covers the technical controls auditable from cloud configuration; the organisational, contractual and supervisory obligations defined in DORA must be addressed outside of Prowler.";213146990554;ap-southeast-2;2026-07-14 16:40:35.360893;DORA-Art8;Financial entities shall identify, classify and adequately document all ICT supported business functions, roles and responsibilities, the information assets and ICT assets supporting them, and their interdependencies. They shall on a continuous basis identify all sources of ICT risk, in particular the risk exposure to and from other financial entities.;ICT Risk Management;Article 8;Identification;PASS;Security group launch-wizard-10 (sg-09af3d1131f67434c) it is being used.;arn:aws:ec2:ap-southeast-2:213146990554:security-group/sg-09af3d1131f67434c;sg-09af3d1131f67434c;ec2_securitygroup_not_used;False;DORA;Digital Operational Resilience Act (Regulation (EU) 2022/2554)
aws;"The Digital Operational Resilience Act (DORA) is a European Union regulation (Regulation (EU) 2022/2554) that sets a uniform framework for the digital operational resilience of the EU financial sector. Mandatory since 17 January 2025, it applies to financial entities (banks, insurers, investment firms, payment institutions, etc.) and to ICT third-party service providers. DORA is structured around five pillars: ICT risk management, ICT-related incident reporting, digital operational resilience testing, ICT third-party risk management, and information sharing. This Prowler mapping covers the technical controls auditable from cloud configuration; the organisational, contractual and supervisory obligations defined in DORA must be addressed outside of Prowler.";213146990554;ap-southeast-2;2026-07-14 16:40:35.360893;DORA-Art8;Financial entities shall identify, classify and adequately document all ICT supported business functions, roles and responsibilities, the information assets and ICT assets supporting them, and their interdependencies. They shall on a continuous basis identify all sources of ICT risk, in particular the risk exposure to and from other financial entities.;ICT Risk Management;Article 8;Identification;FAIL;Security group launch-wizard-17 (sg-04cb06d277b67eb6c) it is not being used.;arn:aws:ec2:ap-southeast-2:213146990554:security-group/sg-04cb06d277b67eb6c;sg-04cb06d277b67eb6c;ec2_securitygroup_not_used;False;DORA;Digital Operational Resilience Act (Regulation (EU) 2022/2554)
aws;"The Digital Operational Resilience Act (DORA) is a European Union regulation (Regulation (EU) 2022/2554) that sets a uniform framework for the digital operational resilience of the EU financial sector. Mandatory since 17 January 2025, it applies to financial entities (banks, insurers, investment firms, payment institutions, etc.) and to ICT third-party service providers. DORA is structured around five pillars: ICT risk management, ICT-related incident reporting, digital operational resilience testing, ICT third-party risk management, and information sharing. This Prowler mapping covers the technical controls auditable from cloud configuration; the organisational, contractual and supervisory obligations defined in DORA must be addressed outside of Prowler.";213146990554;ap-southeast-2;2026-07-14 16:40:35.360893;DORA-Art5;Financial entities shall have a sound, comprehensive and well-documented ICT internal governance and control framework. Senior management is accountable for ICT risk and shall enforce strong identity, authentication and least-privilege policies for privileged identities, including the root account.;ICT Risk Management;Article 5;Governance and organisation;FAIL;Password expiration is not set.;arn:aws:iam:ap-southeast-2:213146990554:password-policy;213146990554;iam_password_policy_expires_passwords_within_90_days_or_less;False;DORA;Digital Operational Resilience Act (Regulation (EU) 2022/2554)
aws;"The Digital Operational Resilience Act (DORA) is a European Union regulation (Regulation (EU) 2022/2554) that sets a uniform framework for the digital operational resilience of the EU financial sector. Mandatory since 17 January 2025, it applies to financial entities (banks, insurers, investment firms, payment institutions, etc.) and to ICT third-party service providers. DORA is structured around five pillars: ICT risk management, ICT-related incident reporting, digital operational resilience testing, ICT third-party risk management, and information sharing. This Prowler mapping covers the technical controls auditable from cloud configuration; the organisational, contractual and supervisory obligations defined in DORA must be addressed outside of Prowler.";213146990554;ap-southeast-2;2026-07-14 16:40:35.360893;DORA-Art5;Financial entities shall have a sound, comprehensive and well-documented ICT internal governance and control framework. Senior management is accountable for ICT risk and shall enforce strong identity, authentication and least-privilege policies for privileged identities, including the root account.;ICT Risk Management;Article 5;Governance and organisation;FAIL;IAM password policy does not require at least one lowercase letter.;arn:aws:iam:ap-southeast-2:213146990554:password-policy;213146990554;iam_password_policy_lowercase;False;DORA;Digital Operational Resilience Act (Regulation (EU) 2022/2554)
aws;"The Digital Operational Resilience Act (DORA) is a European Union regulation (Regulation (EU) 2022/2554) that sets a uniform framework for the digital operational resilience of the EU financial sector. Mandatory since 17 January 2025, it applies to financial entities (banks, insurers, investment firms, payment institutions, etc.) and to ICT third-party service providers. DORA is structured around five pillars: ICT risk management, ICT-related incident reporting, digital operational resilience testing, ICT third-party risk management, and information sharing. This Prowler mapping covers the technical controls auditable from cloud configuration; the organisational, contractual and supervisory obligations defined in DORA must be addressed outside of Prowler.";213146990554;ap-southeast-2;2026-07-14 16:40:35.360893;DORA-Art5;Financial entities shall have a sound, comprehensive and well-documented ICT internal governance and control framework. Senior management is accountable for ICT risk and shall enforce strong identity, authentication and least-privilege policies for privileged identities, including the root account.;ICT Risk Management;Article 5;Governance and organisation;FAIL;IAM password policy does not require minimum length of 14 characters.;arn:aws:iam:ap-southeast-2:213146990554:password-policy;213146990554;iam_password_policy_minimum_length_14;False;DORA;Digital Operational Resilience Act (Regulation (EU) 2022/2554)
aws;"The Digital Operational Resilience Act (DORA) is a European Union regulation (Regulation (EU) 2022/2554) that sets a uniform framework for the digital operational resilience of the EU financial sector. Mandatory since 17 January 2025, it applies to financial entities (banks, insurers, investment firms, payment institutions, etc.) and to ICT third-party service providers. DORA is structured around five pillars: ICT risk management, ICT-related incident reporting, digital operational resilience testing, ICT third-party risk management, and information sharing. This Prowler mapping covers the technical controls auditable from cloud configuration; the organisational, contractual and supervisory obligations defined in DORA must be addressed outside of Prowler.";213146990554;ap-southeast-2;2026-07-14 16:40:35.360893;DORA-Art5;Financial entities shall have a sound, comprehensive and well-documented ICT internal governance and control framework. Senior management is accountable for ICT risk and shall enforce strong identity, authentication and least-privilege policies for privileged identities, including the root account.;ICT Risk Management;Article 5;Governance and organisation;FAIL;IAM password policy does not require at least one number.;arn:aws:iam:ap-southeast-2:213146990554:password-policy;213146990554;iam_password_policy_number;False;DORA;Digital Operational Resilience Act (Regulation (EU) 2022/2554)
aws;"The Digital Operational Resilience Act (DORA) is a European Union regulation (Regulation (EU) 2022/2554) that sets a uniform framework for the digital operational resilience of the EU financial sector. Mandatory since 17 January 2025, it applies to financial entities (banks, insurers, investment firms, payment institutions, etc.) and to ICT third-party service providers. DORA is structured around five pillars: ICT risk management, ICT-related incident reporting, digital operational resilience testing, ICT third-party risk management, and information sharing. This Prowler mapping covers the technical controls auditable from cloud configuration; the organisational, contractual and supervisory obligations defined in DORA must be addressed outside of Prowler.";213146990554;ap-southeast-2;2026-07-14 16:40:35.360893;DORA-Art5;Financial entities shall have a sound, comprehensive and well-documented ICT internal governance and control framework. Senior management is accountable for ICT risk and shall enforce strong identity, authentication and least-privilege policies for privileged identities, including the root account.;ICT Risk Management;Article 5;Governance and organisation;FAIL;IAM password policy reuse prevention is less than 24 or not set.;arn:aws:iam:ap-southeast-2:213146990554:password-policy;213146990554;iam_password_policy_reuse_24;False;DORA;Digital Operational Resilience Act (Regulation (EU) 2022/2554)
aws;"The Digital Operational Resilience Act (DORA) is a European Union regulation (Regulation (EU) 2022/2554) that sets a uniform framework for the digital operational resilience of the EU financial sector. Mandatory since 17 January 2025, it applies to financial entities (banks, insurers, investment firms, payment institutions, etc.) and to ICT third-party service providers. DORA is structured around five pillars: ICT risk management, ICT-related incident reporting, digital operational resilience testing, ICT third-party risk management, and information sharing. This Prowler mapping covers the technical controls auditable from cloud configuration; the organisational, contractual and supervisory obligations defined in DORA must be addressed outside of Prowler.";213146990554;ap-southeast-2;2026-07-14 16:40:35.360893;DORA-Art5;Financial entities shall have a sound, comprehensive and well-documented ICT internal governance and control framework. Senior management is accountable for ICT risk and shall enforce strong identity, authentication and least-privilege policies for privileged identities, including the root account.;ICT Risk Management;Article 5;Governance and organisation;FAIL;IAM password policy does not require at least one symbol.;arn:aws:iam:ap-southeast-2:213146990554:password-policy;213146990554;iam_password_policy_symbol;False;DORA;Digital Operational Resilience Act (Regulation (EU) 2022/2554)
aws;"The Digital Operational Resilience Act (DORA) is a European Union regulation (Regulation (EU) 2022/2554) that sets a uniform framework for the digital operational resilience of the EU financial sector. Mandatory since 17 January 2025, it applies to financial entities (banks, insurers, investment firms, payment institutions, etc.) and to ICT third-party service providers. DORA is structured around five pillars: ICT risk management, ICT-related incident reporting, digital operational resilience testing, ICT third-party risk management, and information sharing. This Prowler mapping covers the technical controls auditable from cloud configuration; the organisational, contractual and supervisory obligations defined in DORA must be addressed outside of Prowler.";213146990554;ap-southeast-2;2026-07-14 16:40:35.360893;DORA-Art5;Financial entities shall have a sound, comprehensive and well-documented ICT internal governance and control framework. Senior management is accountable for ICT risk and shall enforce strong identity, authentication and least-privilege policies for privileged identities, including the root account.;ICT Risk Management;Article 5;Governance and organisation;FAIL;IAM password policy does not require at least one uppercase letter.;arn:aws:iam:ap-southeast-2:213146990554:password-policy;213146990554;iam_password_policy_uppercase;False;DORA;Digital Operational Resilience Act (Regulation (EU) 2022/2554)
aws;"The Digital Operational Resilience Act (DORA) is a European Union regulation (Regulation (EU) 2022/2554) that sets a uniform framework for the digital operational resilience of the EU financial sector. Mandatory since 17 January 2025, it applies to financial entities (banks, insurers, investment firms, payment institutions, etc.) and to ICT third-party service providers. DORA is structured around five pillars: ICT risk management, ICT-related incident reporting, digital operational resilience testing, ICT third-party risk management, and information sharing. This Prowler mapping covers the technical controls auditable from cloud configuration; the organisational, contractual and supervisory obligations defined in DORA must be addressed outside of Prowler.";213146990554;ap-southeast-2;2026-07-14 16:40:35.360893;DORA-Art30;Contractual arrangements with ICT third-party service providers shall be set out in writing and include, at minimum, agreed service levels and clear allocation of rights and obligations. Privilege boundaries, least-privilege policies and absence of administrative wildcards are the technical guardrails that enforce these contractual constraints inside AWS.;ICT Third-Party Risk Management;Article 30;Key contractual provisions;PASS;IAM Role Omico-2IDP does not have AdministratorAccess policy.;arn:aws:iam::213146990554:role/Omico-2IDP;Omico-2IDP;iam_role_administratoraccess_policy;False;DORA;Digital Operational Resilience Act (Regulation (EU) 2022/2554)
aws;"The Digital Operational Resilience Act (DORA) is a European Union regulation (Regulation (EU) 2022/2554) that sets a uniform framework for the digital operational resilience of the EU financial sector. Mandatory since 17 January 2025, it applies to financial entities (banks, insurers, investment firms, payment institutions, etc.) and to ICT third-party service providers. DORA is structured around five pillars: ICT risk management, ICT-related incident reporting, digital operational resilience testing, ICT third-party risk management, and information sharing. This Prowler mapping covers the technical controls auditable from cloud configuration; the organisational, contractual and supervisory obligations defined in DORA must be addressed outside of Prowler.";213146990554;ap-southeast-2;2026-07-14 16:40:35.360893;DORA-Art28;Financial entities shall manage ICT third-party risk as an integral component of ICT risk within their ICT risk management framework. Cross-account access, trust boundaries, organization-level controls and dependency visibility are critical to monitor third-party exposure on AWS.;ICT Third-Party Risk Management;Article 28;General principles (ICT third-party risk);PASS;IAM Role Omico-2IDP does not have ReadOnlyAccess policy.;arn:aws:iam::213146990554:role/Omico-2IDP;Omico-2IDP;iam_role_cross_account_readonlyaccess_policy;False;DORA;Digital Operational Resilience Act (Regulation (EU) 2022/2554)
aws;"The Digital Operational Resilience Act (DORA) is a European Union regulation (Regulation (EU) 2022/2554) that sets a uniform framework for the digital operational resilience of the EU financial sector. Mandatory since 17 January 2025, it applies to financial entities (banks, insurers, investment firms, payment institutions, etc.) and to ICT third-party service providers. DORA is structured around five pillars: ICT risk management, ICT-related incident reporting, digital operational resilience testing, ICT third-party risk management, and information sharing. This Prowler mapping covers the technical controls auditable from cloud configuration; the organisational, contractual and supervisory obligations defined in DORA must be addressed outside of Prowler.";213146990554;ap-southeast-2;2026-07-14 16:40:35.360893;DORA-Art28;Financial entities shall manage ICT third-party risk as an integral component of ICT risk within their ICT risk management framework. Cross-account access, trust boundaries, organization-level controls and dependency visibility are critical to monitor third-party exposure on AWS.;ICT Third-Party Risk Management;Article 28;General principles (ICT third-party risk);FAIL;IAM Service Role Amazon_EventBridge_Invoke_Step_Functions_347775329 does not prevent against a cross-service confused deputy attack.;arn:aws:iam::213146990554:role/service-role/Amazon_EventBridge_Invoke_Step_Functions_347775329;Amazon_EventBridge_Invoke_Step_Functions_347775329;iam_role_cross_service_confused_deputy_prevention;False;DORA;Digital Operational Resilience Act (Regulation (EU) 2022/2554)
aws;"The Digital Operational Resilience Act (DORA) is a European Union regulation (Regulation (EU) 2022/2554) that sets a uniform framework for the digital operational resilience of the EU financial sector. Mandatory since 17 January 2025, it applies to financial entities (banks, insurers, investment firms, payment institutions, etc.) and to ICT third-party service providers. DORA is structured around five pillars: ICT risk management, ICT-related incident reporting, digital operational resilience testing, ICT third-party risk management, and information sharing. This Prowler mapping covers the technical controls auditable from cloud configuration; the organisational, contractual and supervisory obligations defined in DORA must be addressed outside of Prowler.";213146990554;ap-southeast-2;2026-07-14 16:40:35.360893;DORA-Art28;Financial entities shall manage ICT third-party risk as an integral component of ICT risk within their ICT risk management framework. Cross-account access, trust boundaries, organization-level controls and dependency visibility are critical to monitor third-party exposure on AWS.;ICT Third-Party Risk Management;Article 28;General principles (ICT third-party risk);FAIL;IAM Service Role backups-progress-role-11zn78wb does not prevent against a cross-service confused deputy attack.;arn:aws:iam::213146990554:role/service-role/backups-progress-role-11zn78wb;backups-progress-role-11zn78wb;iam_role_cross_service_confused_deputy_prevention;False;DORA;Digital Operational Resilience Act (Regulation (EU) 2022/2554)
aws;"The Digital Operational Resilience Act (DORA) is a European Union regulation (Regulation (EU) 2022/2554) that sets a uniform framework for the digital operational resilience of the EU financial sector. Mandatory since 17 January 2025, it applies to financial entities (banks, insurers, investment firms, payment institutions, etc.) and to ICT third-party service providers. DORA is structured around five pillars: ICT risk management, ICT-related incident reporting, digital operational resilience testing, ICT third-party risk management, and information sharing. This Prowler mapping covers the technical controls auditable from cloud configuration; the organisational, contractual and supervisory obligations defined in DORA must be addressed outside of Prowler.";213146990554;ap-southeast-2;2026-07-14 16:40:35.360893;DORA-Art28;Financial entities shall manage ICT third-party risk as an integral component of ICT risk within their ICT risk management framework. Cross-account access, trust boundaries, organization-level controls and dependency visibility are critical to monitor third-party exposure on AWS.;ICT Third-Party Risk Management;Article 28;General principles (ICT third-party risk);FAIL;IAM Service Role backups-trigger-lambda-function-role does not prevent against a cross-service confused deputy attack.;arn:aws:iam::213146990554:role/service-role/backups-trigger-lambda-function-role;backups-trigger-lambda-function-role;iam_role_cross_service_confused_deputy_prevention;False;DORA;Digital Operational Resilience Act (Regulation (EU) 2022/2554)
aws;"The Digital Operational Resilience Act (DORA) is a European Union regulation (Regulation (EU) 2022/2554) that sets a uniform framework for the digital operational resilience of the EU financial sector. Mandatory since 17 January 2025, it applies to financial entities (banks, insurers, investment firms, payment institutions, etc.) and to ICT third-party service providers. DORA is structured around five pillars: ICT risk management, ICT-related incident reporting, digital operational resilience testing, ICT third-party risk management, and information sharing. This Prowler mapping covers the technical controls auditable from cloud configuration; the organisational, contractual and supervisory obligations defined in DORA must be addressed outside of Prowler.";213146990554;ap-southeast-2;2026-07-14 16:40:35.360893;DORA-Art28;Financial entities shall manage ICT third-party risk as an integral component of ICT risk within their ICT risk management framework. Cross-account access, trust boundaries, organization-level controls and dependency visibility are critical to monitor third-party exposure on AWS.;ICT Third-Party Risk Management;Article 28;General principles (ICT third-party risk);FAIL;IAM Service Role StepFunctions-ConfluenceBackupStepFunctionTest-role-xzrbs7uh9 does not prevent against a cross-service confused deputy attack.;arn:aws:iam::213146990554:role/service-role/StepFunctions-ConfluenceBackupStepFunctionTest-role-xzrbs7uh9;StepFunctions-ConfluenceBackupStepFunctionTest-role-xzrbs7uh9;iam_role_cross_service_confused_deputy_prevention;False;DORA;Digital Operational Resilience Act (Regulation (EU) 2022/2554)
