PROVIDER;DESCRIPTION;ACCOUNTID;REGION;ASSESSMENTDATE;REQUIREMENTS_ID;REQUIREMENTS_DESCRIPTION;REQUIREMENTS_ATTRIBUTES_SECTION;REQUIREMENTS_ATTRIBUTES_CCMLITE;REQUIREMENTS_ATTRIBUTES_IAAS;REQUIREMENTS_ATTRIBUTES_PAAS;REQUIREMENTS_ATTRIBUTES_SAAS;REQUIREMENTS_ATTRIBUTES_SCOPEAPPLICABILITY;STATUS;STATUSEXTENDED;RESOURCEID;RESOURCENAME;CHECKID;MUTED;FRAMEWORK;NAME
aws;The Cloud Security Alliance (CSA) Cloud Controls Matrix (CCM) is a cybersecurity control framework for cloud computing, composed of 197 control objectives structured in 17 domains covering all key aspects of cloud technology. The CCM can be used as a tool for the systematic assessment of a cloud implementation, and provides guidance on which security controls should be implemented by which actor within the cloud supply chain.;213146990554;ap-southeast-2;2026-07-15 20:14:58.543427;SEF-08;Maintain points of contact for applicable regulation authorities, national and local law enforcement, and other legal jurisdictional authorities.;Security Incident Management, E-Discovery, & Cloud Forensics;No;Shared;Shared;Shared;[{'ReferenceId': 'AICPA TSC 2017', 'Identifiers': ['CC2.3']}, {'ReferenceId': 'CCM v3.0.1', 'Identifiers': ['SEF-01']}, {'ReferenceId': 'CIS v8.0', 'Identifiers': ['17.2']}, {'ReferenceId': 'ENX ISA v6.0', 'Identifiers': ['1.6.2', '1.6.3']}, {'ReferenceId': 'ISF SOGP 2022', 'Identifiers': ['SM2.2']}, {'ReferenceId': 'ISO/IEC 27001:2013,27002:2013,27017:2015,27018:2019', 'Identifiers': ['27001: 4.2', '27001: A.6.1.3', '27002: 6.1.3', '27017: 6.1.3', '27018: 6.1.3', '27001: A.16.1.1', '27002: 16.1.1', '27001: A.18.1.1', '27002: 18.1.1', '27017: 18.1.1', '27018: 18.1.1']}, {'ReferenceId': 'ISO/IEC 27001:2022, 27002:2022', 'Identifiers': ['27001: A.5.5', '27001: A.5.24', '27002: 5.24 Incident management procedure (d)']}, {'ReferenceId': 'NIST 800-53 rev 5', 'Identifiers': ['IR-4', 'IR-4(8)', 'IR-6', 'IR-6(3)', 'IR-7', 'IR-7(2)', 'PM-21', 'PM-23', 'PM-26']}, {'ReferenceId': 'NIST CSF v1.1', 'Identifiers': ['ID.GV-2', 'RS.CO-3', 'RS.CO-4']}, {'ReferenceId': 'NIST CSF v2.0', 'Identifiers': ['GV.RR-02', 'RS.CO-02', 'RS.CO-03']}, {'ReferenceId': 'PCI DSS v4.0', 'Identifiers': ['12.10.1']}];MANUAL;Login to the AWS Console. Choose your account name on the top right of the window -> My Account -> Contact Information.;arn:aws:iam::213146990554:root;213146990554;account_maintain_current_contact_details;False;CSA-CCM;CSA Cloud Controls Matrix (CCM) v4.0.13
aws;The Cloud Security Alliance (CSA) Cloud Controls Matrix (CCM) is a cybersecurity control framework for cloud computing, composed of 197 control objectives structured in 17 domains covering all key aspects of cloud technology. The CCM can be used as a tool for the systematic assessment of a cloud implementation, and provides guidance on which security controls should be implemented by which actor within the cloud supply chain.;213146990554;ap-southeast-2;2026-07-15 20:14:58.543427;SEF-08;Maintain points of contact for applicable regulation authorities, national and local law enforcement, and other legal jurisdictional authorities.;Security Incident Management, E-Discovery, & Cloud Forensics;No;Shared;Shared;Shared;[{'ReferenceId': 'AICPA TSC 2017', 'Identifiers': ['CC2.3']}, {'ReferenceId': 'CCM v3.0.1', 'Identifiers': ['SEF-01']}, {'ReferenceId': 'CIS v8.0', 'Identifiers': ['17.2']}, {'ReferenceId': 'ENX ISA v6.0', 'Identifiers': ['1.6.2', '1.6.3']}, {'ReferenceId': 'ISF SOGP 2022', 'Identifiers': ['SM2.2']}, {'ReferenceId': 'ISO/IEC 27001:2013,27002:2013,27017:2015,27018:2019', 'Identifiers': ['27001: 4.2', '27001: A.6.1.3', '27002: 6.1.3', '27017: 6.1.3', '27018: 6.1.3', '27001: A.16.1.1', '27002: 16.1.1', '27001: A.18.1.1', '27002: 18.1.1', '27017: 18.1.1', '27018: 18.1.1']}, {'ReferenceId': 'ISO/IEC 27001:2022, 27002:2022', 'Identifiers': ['27001: A.5.5', '27001: A.5.24', '27002: 5.24 Incident management procedure (d)']}, {'ReferenceId': 'NIST 800-53 rev 5', 'Identifiers': ['IR-4', 'IR-4(8)', 'IR-6', 'IR-6(3)', 'IR-7', 'IR-7(2)', 'PM-21', 'PM-23', 'PM-26']}, {'ReferenceId': 'NIST CSF v1.1', 'Identifiers': ['ID.GV-2', 'RS.CO-3', 'RS.CO-4']}, {'ReferenceId': 'NIST CSF v2.0', 'Identifiers': ['GV.RR-02', 'RS.CO-02', 'RS.CO-03']}, {'ReferenceId': 'PCI DSS v4.0', 'Identifiers': ['12.10.1']}];MANUAL;Login to the AWS Console. Choose your account name on the top right of the window -> My Account -> Alternate Contacts -> Security Section.;arn:aws:iam::213146990554:root;213146990554;account_security_contact_information_is_registered;False;CSA-CCM;CSA Cloud Controls Matrix (CCM) v4.0.13
aws;The Cloud Security Alliance (CSA) Cloud Controls Matrix (CCM) is a cybersecurity control framework for cloud computing, composed of 197 control objectives structured in 17 domains covering all key aspects of cloud technology. The CCM can be used as a tool for the systematic assessment of a cloud implementation, and provides guidance on which security controls should be implemented by which actor within the cloud supply chain.;213146990554;ap-southeast-2;2026-07-15 20:14:58.543427;IAM-02;Establish, document, approve, communicate, implement, apply, evaluate and maintain strong password policies and procedures. Review and update the policies and procedures at least annually.;Identity & Access Management;No;Shared;Shared;Shared;[{'ReferenceId': 'CCM v3.0.1', 'Identifiers': ['IAM-02', 'IAM-12', 'GRM-06', 'GRM-09']}, {'ReferenceId': 'CIS v8.0', 'Identifiers': ['5.2']}, {'ReferenceId': 'ENX ISA v6.0', 'Identifiers': ['1.1.1', '1.5.1', '4.1.2', '4.1.3']}, {'ReferenceId': 'ISF SOGP 2022', 'Identifiers': ['SA1.1', 'SA1.5']}, {'ReferenceId': 'ISO/IEC 27001:2013,27002:2013,27017:2015,27018:2019', 'Identifiers': ['27001: 5.1', '27001: 5.2', '27001: 7.3', '27001: 7.4', '27001: 7.5', '27001: 9.1', '27001: 9.3', '27001: A.5', '27002: 5', '27001: A.9.4.3', '27002: 9.4.3', '27017: 9.4.3', '27018: 9.4.3', '27001: A.9.2.4', '27002: 9.2.4', '27017: 9.2.4', '27001: A.7.2.2', '27002: 7.2.2', '27001: A.9.2.6', '27002: 9.2.6', '27001: A.9.2.3', '27002: 9.2.3']}, {'ReferenceId': 'ISO/IEC 27001:2022, 27002:2022', 'Identifiers': ['27001: 5.1', '27001: 5.2', '27001: 7.3', '27001: 7.4', '27001: 7.5', '27001: 9.1', '27001: 9.3', '27001: A.5.1', '27001: A.5.4', '27001: A.5.17', '27001: A.6.3', '27001: A.8.5', '27001: A.5.37']}, {'ReferenceId': 'NIST 800-53 rev 5', 'Identifiers': ['AC-2', 'AC-2(3)', 'AC-2(11)', 'AC-3', 'AC-3(3)', 'AC-12', 'AC-12(1)', 'IA-2', 'IA-2(10)', 'IA-5', 'IA-5(1)', 'IA-5(18)']}, {'ReferenceId': 'NIST CSF v1.1', 'Identifiers': ['ID.GV-1', 'PR.AC-1', 'PR.AC-7']}, {'ReferenceId': 'NIST CSF v2.0', 'Identifiers': ['GV.PO-01', 'GV.PO-02', 'ID.IM-03', 'PR.AA-03']}, {'ReferenceId': 'PCI DSS v3.2.1', 'Identifiers': ['8.4', '12.1', '12.1.1', '12.11']}, {'ReferenceId': 'PCI DSS v4.0', 'Identifiers': ['8.1.1', '8.3.8']}];FAIL;Password expiration is not set.;arn:aws:iam:ap-southeast-2:213146990554:password-policy;213146990554;iam_password_policy_expires_passwords_within_90_days_or_less;False;CSA-CCM;CSA Cloud Controls Matrix (CCM) v4.0.13
aws;The Cloud Security Alliance (CSA) Cloud Controls Matrix (CCM) is a cybersecurity control framework for cloud computing, composed of 197 control objectives structured in 17 domains covering all key aspects of cloud technology. The CCM can be used as a tool for the systematic assessment of a cloud implementation, and provides guidance on which security controls should be implemented by which actor within the cloud supply chain.;213146990554;ap-southeast-2;2026-07-15 20:14:58.543427;IAM-15;Define, implement and evaluate processes, procedures and technical measures for the secure management of passwords.;Identity & Access Management;No;Shared;Shared;Shared;[{'ReferenceId': 'AICPA TSC 2017', 'Identifiers': ['CC6.1', 'CC6.2']}, {'ReferenceId': 'ENX ISA v6.0', 'Identifiers': ['4.1.3']}, {'ReferenceId': 'ISF SOGP 2022', 'Identifiers': ['SA1.5']}, {'ReferenceId': 'ISO/IEC 27001:2013,27002:2013,27017:2015,27018:2019', 'Identifiers': ['27001: A.9.2.4', '27002: 9.2.4', '27017: 9.2.4', '27018: 9.2.4', '27001: A.9.3.1', '27002: 9.3.1', '27017: 9.3.1', '27018: 9.3.1', '27001: A.9.4.3', '27002: 9.4.3', '27017: 9.4.3', '27018: 9.4.3']}, {'ReferenceId': 'ISO/IEC 27001:2022, 27002:2022', 'Identifiers': ['27001: A.5.17']}, {'ReferenceId': 'NIST 800-53 rev 5', 'Identifiers': ['IA-4', 'IA-4(8)', 'IA-5', 'IA-5(1)', 'IA-5(8)', 'IA-5(18)']}, {'ReferenceId': 'NIST CSF v1.1', 'Identifiers': ['PR.AC-1']}, {'ReferenceId': 'NIST CSF v2.0', 'Identifiers': ['PR.AA-01']}, {'ReferenceId': 'PCI DSS v3.2.1', 'Identifiers': ['8.2', '8.2.1-6']}, {'ReferenceId': 'PCI DSS v4.0', 'Identifiers': ['2.2.2', '2.3.1', '8.3.5', '8.3.6', '8.3.7', '8.3.8', '8.3.9', '8.3.10', '8.3.10.1', '8.6.2']}];FAIL;Password expiration is not set.;arn:aws:iam:ap-southeast-2:213146990554:password-policy;213146990554;iam_password_policy_expires_passwords_within_90_days_or_less;False;CSA-CCM;CSA Cloud Controls Matrix (CCM) v4.0.13
aws;The Cloud Security Alliance (CSA) Cloud Controls Matrix (CCM) is a cybersecurity control framework for cloud computing, composed of 197 control objectives structured in 17 domains covering all key aspects of cloud technology. The CCM can be used as a tool for the systematic assessment of a cloud implementation, and provides guidance on which security controls should be implemented by which actor within the cloud supply chain.;213146990554;ap-southeast-2;2026-07-15 20:14:58.543427;IAM-02;Establish, document, approve, communicate, implement, apply, evaluate and maintain strong password policies and procedures. Review and update the policies and procedures at least annually.;Identity & Access Management;No;Shared;Shared;Shared;[{'ReferenceId': 'CCM v3.0.1', 'Identifiers': ['IAM-02', 'IAM-12', 'GRM-06', 'GRM-09']}, {'ReferenceId': 'CIS v8.0', 'Identifiers': ['5.2']}, {'ReferenceId': 'ENX ISA v6.0', 'Identifiers': ['1.1.1', '1.5.1', '4.1.2', '4.1.3']}, {'ReferenceId': 'ISF SOGP 2022', 'Identifiers': ['SA1.1', 'SA1.5']}, {'ReferenceId': 'ISO/IEC 27001:2013,27002:2013,27017:2015,27018:2019', 'Identifiers': ['27001: 5.1', '27001: 5.2', '27001: 7.3', '27001: 7.4', '27001: 7.5', '27001: 9.1', '27001: 9.3', '27001: A.5', '27002: 5', '27001: A.9.4.3', '27002: 9.4.3', '27017: 9.4.3', '27018: 9.4.3', '27001: A.9.2.4', '27002: 9.2.4', '27017: 9.2.4', '27001: A.7.2.2', '27002: 7.2.2', '27001: A.9.2.6', '27002: 9.2.6', '27001: A.9.2.3', '27002: 9.2.3']}, {'ReferenceId': 'ISO/IEC 27001:2022, 27002:2022', 'Identifiers': ['27001: 5.1', '27001: 5.2', '27001: 7.3', '27001: 7.4', '27001: 7.5', '27001: 9.1', '27001: 9.3', '27001: A.5.1', '27001: A.5.4', '27001: A.5.17', '27001: A.6.3', '27001: A.8.5', '27001: A.5.37']}, {'ReferenceId': 'NIST 800-53 rev 5', 'Identifiers': ['AC-2', 'AC-2(3)', 'AC-2(11)', 'AC-3', 'AC-3(3)', 'AC-12', 'AC-12(1)', 'IA-2', 'IA-2(10)', 'IA-5', 'IA-5(1)', 'IA-5(18)']}, {'ReferenceId': 'NIST CSF v1.1', 'Identifiers': ['ID.GV-1', 'PR.AC-1', 'PR.AC-7']}, {'ReferenceId': 'NIST CSF v2.0', 'Identifiers': ['GV.PO-01', 'GV.PO-02', 'ID.IM-03', 'PR.AA-03']}, {'ReferenceId': 'PCI DSS v3.2.1', 'Identifiers': ['8.4', '12.1', '12.1.1', '12.11']}, {'ReferenceId': 'PCI DSS v4.0', 'Identifiers': ['8.1.1', '8.3.8']}];FAIL;IAM password policy does not require at least one lowercase letter.;arn:aws:iam:ap-southeast-2:213146990554:password-policy;213146990554;iam_password_policy_lowercase;False;CSA-CCM;CSA Cloud Controls Matrix (CCM) v4.0.13
aws;The Cloud Security Alliance (CSA) Cloud Controls Matrix (CCM) is a cybersecurity control framework for cloud computing, composed of 197 control objectives structured in 17 domains covering all key aspects of cloud technology. The CCM can be used as a tool for the systematic assessment of a cloud implementation, and provides guidance on which security controls should be implemented by which actor within the cloud supply chain.;213146990554;ap-southeast-2;2026-07-15 20:14:58.543427;IAM-02;Establish, document, approve, communicate, implement, apply, evaluate and maintain strong password policies and procedures. Review and update the policies and procedures at least annually.;Identity & Access Management;No;Shared;Shared;Shared;[{'ReferenceId': 'CCM v3.0.1', 'Identifiers': ['IAM-02', 'IAM-12', 'GRM-06', 'GRM-09']}, {'ReferenceId': 'CIS v8.0', 'Identifiers': ['5.2']}, {'ReferenceId': 'ENX ISA v6.0', 'Identifiers': ['1.1.1', '1.5.1', '4.1.2', '4.1.3']}, {'ReferenceId': 'ISF SOGP 2022', 'Identifiers': ['SA1.1', 'SA1.5']}, {'ReferenceId': 'ISO/IEC 27001:2013,27002:2013,27017:2015,27018:2019', 'Identifiers': ['27001: 5.1', '27001: 5.2', '27001: 7.3', '27001: 7.4', '27001: 7.5', '27001: 9.1', '27001: 9.3', '27001: A.5', '27002: 5', '27001: A.9.4.3', '27002: 9.4.3', '27017: 9.4.3', '27018: 9.4.3', '27001: A.9.2.4', '27002: 9.2.4', '27017: 9.2.4', '27001: A.7.2.2', '27002: 7.2.2', '27001: A.9.2.6', '27002: 9.2.6', '27001: A.9.2.3', '27002: 9.2.3']}, {'ReferenceId': 'ISO/IEC 27001:2022, 27002:2022', 'Identifiers': ['27001: 5.1', '27001: 5.2', '27001: 7.3', '27001: 7.4', '27001: 7.5', '27001: 9.1', '27001: 9.3', '27001: A.5.1', '27001: A.5.4', '27001: A.5.17', '27001: A.6.3', '27001: A.8.5', '27001: A.5.37']}, {'ReferenceId': 'NIST 800-53 rev 5', 'Identifiers': ['AC-2', 'AC-2(3)', 'AC-2(11)', 'AC-3', 'AC-3(3)', 'AC-12', 'AC-12(1)', 'IA-2', 'IA-2(10)', 'IA-5', 'IA-5(1)', 'IA-5(18)']}, {'ReferenceId': 'NIST CSF v1.1', 'Identifiers': ['ID.GV-1', 'PR.AC-1', 'PR.AC-7']}, {'ReferenceId': 'NIST CSF v2.0', 'Identifiers': ['GV.PO-01', 'GV.PO-02', 'ID.IM-03', 'PR.AA-03']}, {'ReferenceId': 'PCI DSS v3.2.1', 'Identifiers': ['8.4', '12.1', '12.1.1', '12.11']}, {'ReferenceId': 'PCI DSS v4.0', 'Identifiers': ['8.1.1', '8.3.8']}];FAIL;IAM password policy does not require minimum length of 14 characters.;arn:aws:iam:ap-southeast-2:213146990554:password-policy;213146990554;iam_password_policy_minimum_length_14;False;CSA-CCM;CSA Cloud Controls Matrix (CCM) v4.0.13
aws;The Cloud Security Alliance (CSA) Cloud Controls Matrix (CCM) is a cybersecurity control framework for cloud computing, composed of 197 control objectives structured in 17 domains covering all key aspects of cloud technology. The CCM can be used as a tool for the systematic assessment of a cloud implementation, and provides guidance on which security controls should be implemented by which actor within the cloud supply chain.;213146990554;ap-southeast-2;2026-07-15 20:14:58.543427;IAM-15;Define, implement and evaluate processes, procedures and technical measures for the secure management of passwords.;Identity & Access Management;No;Shared;Shared;Shared;[{'ReferenceId': 'AICPA TSC 2017', 'Identifiers': ['CC6.1', 'CC6.2']}, {'ReferenceId': 'ENX ISA v6.0', 'Identifiers': ['4.1.3']}, {'ReferenceId': 'ISF SOGP 2022', 'Identifiers': ['SA1.5']}, {'ReferenceId': 'ISO/IEC 27001:2013,27002:2013,27017:2015,27018:2019', 'Identifiers': ['27001: A.9.2.4', '27002: 9.2.4', '27017: 9.2.4', '27018: 9.2.4', '27001: A.9.3.1', '27002: 9.3.1', '27017: 9.3.1', '27018: 9.3.1', '27001: A.9.4.3', '27002: 9.4.3', '27017: 9.4.3', '27018: 9.4.3']}, {'ReferenceId': 'ISO/IEC 27001:2022, 27002:2022', 'Identifiers': ['27001: A.5.17']}, {'ReferenceId': 'NIST 800-53 rev 5', 'Identifiers': ['IA-4', 'IA-4(8)', 'IA-5', 'IA-5(1)', 'IA-5(8)', 'IA-5(18)']}, {'ReferenceId': 'NIST CSF v1.1', 'Identifiers': ['PR.AC-1']}, {'ReferenceId': 'NIST CSF v2.0', 'Identifiers': ['PR.AA-01']}, {'ReferenceId': 'PCI DSS v3.2.1', 'Identifiers': ['8.2', '8.2.1-6']}, {'ReferenceId': 'PCI DSS v4.0', 'Identifiers': ['2.2.2', '2.3.1', '8.3.5', '8.3.6', '8.3.7', '8.3.8', '8.3.9', '8.3.10', '8.3.10.1', '8.6.2']}];FAIL;IAM password policy does not require minimum length of 14 characters.;arn:aws:iam:ap-southeast-2:213146990554:password-policy;213146990554;iam_password_policy_minimum_length_14;False;CSA-CCM;CSA Cloud Controls Matrix (CCM) v4.0.13
aws;The Cloud Security Alliance (CSA) Cloud Controls Matrix (CCM) is a cybersecurity control framework for cloud computing, composed of 197 control objectives structured in 17 domains covering all key aspects of cloud technology. The CCM can be used as a tool for the systematic assessment of a cloud implementation, and provides guidance on which security controls should be implemented by which actor within the cloud supply chain.;213146990554;ap-southeast-2;2026-07-15 20:14:58.543427;IAM-02;Establish, document, approve, communicate, implement, apply, evaluate and maintain strong password policies and procedures. Review and update the policies and procedures at least annually.;Identity & Access Management;No;Shared;Shared;Shared;[{'ReferenceId': 'CCM v3.0.1', 'Identifiers': ['IAM-02', 'IAM-12', 'GRM-06', 'GRM-09']}, {'ReferenceId': 'CIS v8.0', 'Identifiers': ['5.2']}, {'ReferenceId': 'ENX ISA v6.0', 'Identifiers': ['1.1.1', '1.5.1', '4.1.2', '4.1.3']}, {'ReferenceId': 'ISF SOGP 2022', 'Identifiers': ['SA1.1', 'SA1.5']}, {'ReferenceId': 'ISO/IEC 27001:2013,27002:2013,27017:2015,27018:2019', 'Identifiers': ['27001: 5.1', '27001: 5.2', '27001: 7.3', '27001: 7.4', '27001: 7.5', '27001: 9.1', '27001: 9.3', '27001: A.5', '27002: 5', '27001: A.9.4.3', '27002: 9.4.3', '27017: 9.4.3', '27018: 9.4.3', '27001: A.9.2.4', '27002: 9.2.4', '27017: 9.2.4', '27001: A.7.2.2', '27002: 7.2.2', '27001: A.9.2.6', '27002: 9.2.6', '27001: A.9.2.3', '27002: 9.2.3']}, {'ReferenceId': 'ISO/IEC 27001:2022, 27002:2022', 'Identifiers': ['27001: 5.1', '27001: 5.2', '27001: 7.3', '27001: 7.4', '27001: 7.5', '27001: 9.1', '27001: 9.3', '27001: A.5.1', '27001: A.5.4', '27001: A.5.17', '27001: A.6.3', '27001: A.8.5', '27001: A.5.37']}, {'ReferenceId': 'NIST 800-53 rev 5', 'Identifiers': ['AC-2', 'AC-2(3)', 'AC-2(11)', 'AC-3', 'AC-3(3)', 'AC-12', 'AC-12(1)', 'IA-2', 'IA-2(10)', 'IA-5', 'IA-5(1)', 'IA-5(18)']}, {'ReferenceId': 'NIST CSF v1.1', 'Identifiers': ['ID.GV-1', 'PR.AC-1', 'PR.AC-7']}, {'ReferenceId': 'NIST CSF v2.0', 'Identifiers': ['GV.PO-01', 'GV.PO-02', 'ID.IM-03', 'PR.AA-03']}, {'ReferenceId': 'PCI DSS v3.2.1', 'Identifiers': ['8.4', '12.1', '12.1.1', '12.11']}, {'ReferenceId': 'PCI DSS v4.0', 'Identifiers': ['8.1.1', '8.3.8']}];FAIL;IAM password policy does not require at least one number.;arn:aws:iam:ap-southeast-2:213146990554:password-policy;213146990554;iam_password_policy_number;False;CSA-CCM;CSA Cloud Controls Matrix (CCM) v4.0.13
aws;The Cloud Security Alliance (CSA) Cloud Controls Matrix (CCM) is a cybersecurity control framework for cloud computing, composed of 197 control objectives structured in 17 domains covering all key aspects of cloud technology. The CCM can be used as a tool for the systematic assessment of a cloud implementation, and provides guidance on which security controls should be implemented by which actor within the cloud supply chain.;213146990554;ap-southeast-2;2026-07-15 20:14:58.543427;IAM-02;Establish, document, approve, communicate, implement, apply, evaluate and maintain strong password policies and procedures. Review and update the policies and procedures at least annually.;Identity & Access Management;No;Shared;Shared;Shared;[{'ReferenceId': 'CCM v3.0.1', 'Identifiers': ['IAM-02', 'IAM-12', 'GRM-06', 'GRM-09']}, {'ReferenceId': 'CIS v8.0', 'Identifiers': ['5.2']}, {'ReferenceId': 'ENX ISA v6.0', 'Identifiers': ['1.1.1', '1.5.1', '4.1.2', '4.1.3']}, {'ReferenceId': 'ISF SOGP 2022', 'Identifiers': ['SA1.1', 'SA1.5']}, {'ReferenceId': 'ISO/IEC 27001:2013,27002:2013,27017:2015,27018:2019', 'Identifiers': ['27001: 5.1', '27001: 5.2', '27001: 7.3', '27001: 7.4', '27001: 7.5', '27001: 9.1', '27001: 9.3', '27001: A.5', '27002: 5', '27001: A.9.4.3', '27002: 9.4.3', '27017: 9.4.3', '27018: 9.4.3', '27001: A.9.2.4', '27002: 9.2.4', '27017: 9.2.4', '27001: A.7.2.2', '27002: 7.2.2', '27001: A.9.2.6', '27002: 9.2.6', '27001: A.9.2.3', '27002: 9.2.3']}, {'ReferenceId': 'ISO/IEC 27001:2022, 27002:2022', 'Identifiers': ['27001: 5.1', '27001: 5.2', '27001: 7.3', '27001: 7.4', '27001: 7.5', '27001: 9.1', '27001: 9.3', '27001: A.5.1', '27001: A.5.4', '27001: A.5.17', '27001: A.6.3', '27001: A.8.5', '27001: A.5.37']}, {'ReferenceId': 'NIST 800-53 rev 5', 'Identifiers': ['AC-2', 'AC-2(3)', 'AC-2(11)', 'AC-3', 'AC-3(3)', 'AC-12', 'AC-12(1)', 'IA-2', 'IA-2(10)', 'IA-5', 'IA-5(1)', 'IA-5(18)']}, {'ReferenceId': 'NIST CSF v1.1', 'Identifiers': ['ID.GV-1', 'PR.AC-1', 'PR.AC-7']}, {'ReferenceId': 'NIST CSF v2.0', 'Identifiers': ['GV.PO-01', 'GV.PO-02', 'ID.IM-03', 'PR.AA-03']}, {'ReferenceId': 'PCI DSS v3.2.1', 'Identifiers': ['8.4', '12.1', '12.1.1', '12.11']}, {'ReferenceId': 'PCI DSS v4.0', 'Identifiers': ['8.1.1', '8.3.8']}];FAIL;IAM password policy reuse prevention is less than 24 or not set.;arn:aws:iam:ap-southeast-2:213146990554:password-policy;213146990554;iam_password_policy_reuse_24;False;CSA-CCM;CSA Cloud Controls Matrix (CCM) v4.0.13
aws;The Cloud Security Alliance (CSA) Cloud Controls Matrix (CCM) is a cybersecurity control framework for cloud computing, composed of 197 control objectives structured in 17 domains covering all key aspects of cloud technology. The CCM can be used as a tool for the systematic assessment of a cloud implementation, and provides guidance on which security controls should be implemented by which actor within the cloud supply chain.;213146990554;ap-southeast-2;2026-07-15 20:14:58.543427;IAM-15;Define, implement and evaluate processes, procedures and technical measures for the secure management of passwords.;Identity & Access Management;No;Shared;Shared;Shared;[{'ReferenceId': 'AICPA TSC 2017', 'Identifiers': ['CC6.1', 'CC6.2']}, {'ReferenceId': 'ENX ISA v6.0', 'Identifiers': ['4.1.3']}, {'ReferenceId': 'ISF SOGP 2022', 'Identifiers': ['SA1.5']}, {'ReferenceId': 'ISO/IEC 27001:2013,27002:2013,27017:2015,27018:2019', 'Identifiers': ['27001: A.9.2.4', '27002: 9.2.4', '27017: 9.2.4', '27018: 9.2.4', '27001: A.9.3.1', '27002: 9.3.1', '27017: 9.3.1', '27018: 9.3.1', '27001: A.9.4.3', '27002: 9.4.3', '27017: 9.4.3', '27018: 9.4.3']}, {'ReferenceId': 'ISO/IEC 27001:2022, 27002:2022', 'Identifiers': ['27001: A.5.17']}, {'ReferenceId': 'NIST 800-53 rev 5', 'Identifiers': ['IA-4', 'IA-4(8)', 'IA-5', 'IA-5(1)', 'IA-5(8)', 'IA-5(18)']}, {'ReferenceId': 'NIST CSF v1.1', 'Identifiers': ['PR.AC-1']}, {'ReferenceId': 'NIST CSF v2.0', 'Identifiers': ['PR.AA-01']}, {'ReferenceId': 'PCI DSS v3.2.1', 'Identifiers': ['8.2', '8.2.1-6']}, {'ReferenceId': 'PCI DSS v4.0', 'Identifiers': ['2.2.2', '2.3.1', '8.3.5', '8.3.6', '8.3.7', '8.3.8', '8.3.9', '8.3.10', '8.3.10.1', '8.6.2']}];FAIL;IAM password policy reuse prevention is less than 24 or not set.;arn:aws:iam:ap-southeast-2:213146990554:password-policy;213146990554;iam_password_policy_reuse_24;False;CSA-CCM;CSA Cloud Controls Matrix (CCM) v4.0.13
aws;The Cloud Security Alliance (CSA) Cloud Controls Matrix (CCM) is a cybersecurity control framework for cloud computing, composed of 197 control objectives structured in 17 domains covering all key aspects of cloud technology. The CCM can be used as a tool for the systematic assessment of a cloud implementation, and provides guidance on which security controls should be implemented by which actor within the cloud supply chain.;213146990554;ap-southeast-2;2026-07-15 20:14:58.543427;IAM-02;Establish, document, approve, communicate, implement, apply, evaluate and maintain strong password policies and procedures. Review and update the policies and procedures at least annually.;Identity & Access Management;No;Shared;Shared;Shared;[{'ReferenceId': 'CCM v3.0.1', 'Identifiers': ['IAM-02', 'IAM-12', 'GRM-06', 'GRM-09']}, {'ReferenceId': 'CIS v8.0', 'Identifiers': ['5.2']}, {'ReferenceId': 'ENX ISA v6.0', 'Identifiers': ['1.1.1', '1.5.1', '4.1.2', '4.1.3']}, {'ReferenceId': 'ISF SOGP 2022', 'Identifiers': ['SA1.1', 'SA1.5']}, {'ReferenceId': 'ISO/IEC 27001:2013,27002:2013,27017:2015,27018:2019', 'Identifiers': ['27001: 5.1', '27001: 5.2', '27001: 7.3', '27001: 7.4', '27001: 7.5', '27001: 9.1', '27001: 9.3', '27001: A.5', '27002: 5', '27001: A.9.4.3', '27002: 9.4.3', '27017: 9.4.3', '27018: 9.4.3', '27001: A.9.2.4', '27002: 9.2.4', '27017: 9.2.4', '27001: A.7.2.2', '27002: 7.2.2', '27001: A.9.2.6', '27002: 9.2.6', '27001: A.9.2.3', '27002: 9.2.3']}, {'ReferenceId': 'ISO/IEC 27001:2022, 27002:2022', 'Identifiers': ['27001: 5.1', '27001: 5.2', '27001: 7.3', '27001: 7.4', '27001: 7.5', '27001: 9.1', '27001: 9.3', '27001: A.5.1', '27001: A.5.4', '27001: A.5.17', '27001: A.6.3', '27001: A.8.5', '27001: A.5.37']}, {'ReferenceId': 'NIST 800-53 rev 5', 'Identifiers': ['AC-2', 'AC-2(3)', 'AC-2(11)', 'AC-3', 'AC-3(3)', 'AC-12', 'AC-12(1)', 'IA-2', 'IA-2(10)', 'IA-5', 'IA-5(1)', 'IA-5(18)']}, {'ReferenceId': 'NIST CSF v1.1', 'Identifiers': ['ID.GV-1', 'PR.AC-1', 'PR.AC-7']}, {'ReferenceId': 'NIST CSF v2.0', 'Identifiers': ['GV.PO-01', 'GV.PO-02', 'ID.IM-03', 'PR.AA-03']}, {'ReferenceId': 'PCI DSS v3.2.1', 'Identifiers': ['8.4', '12.1', '12.1.1', '12.11']}, {'ReferenceId': 'PCI DSS v4.0', 'Identifiers': ['8.1.1', '8.3.8']}];FAIL;IAM password policy does not require at least one symbol.;arn:aws:iam:ap-southeast-2:213146990554:password-policy;213146990554;iam_password_policy_symbol;False;CSA-CCM;CSA Cloud Controls Matrix (CCM) v4.0.13
aws;The Cloud Security Alliance (CSA) Cloud Controls Matrix (CCM) is a cybersecurity control framework for cloud computing, composed of 197 control objectives structured in 17 domains covering all key aspects of cloud technology. The CCM can be used as a tool for the systematic assessment of a cloud implementation, and provides guidance on which security controls should be implemented by which actor within the cloud supply chain.;213146990554;ap-southeast-2;2026-07-15 20:14:58.543427;IAM-02;Establish, document, approve, communicate, implement, apply, evaluate and maintain strong password policies and procedures. Review and update the policies and procedures at least annually.;Identity & Access Management;No;Shared;Shared;Shared;[{'ReferenceId': 'CCM v3.0.1', 'Identifiers': ['IAM-02', 'IAM-12', 'GRM-06', 'GRM-09']}, {'ReferenceId': 'CIS v8.0', 'Identifiers': ['5.2']}, {'ReferenceId': 'ENX ISA v6.0', 'Identifiers': ['1.1.1', '1.5.1', '4.1.2', '4.1.3']}, {'ReferenceId': 'ISF SOGP 2022', 'Identifiers': ['SA1.1', 'SA1.5']}, {'ReferenceId': 'ISO/IEC 27001:2013,27002:2013,27017:2015,27018:2019', 'Identifiers': ['27001: 5.1', '27001: 5.2', '27001: 7.3', '27001: 7.4', '27001: 7.5', '27001: 9.1', '27001: 9.3', '27001: A.5', '27002: 5', '27001: A.9.4.3', '27002: 9.4.3', '27017: 9.4.3', '27018: 9.4.3', '27001: A.9.2.4', '27002: 9.2.4', '27017: 9.2.4', '27001: A.7.2.2', '27002: 7.2.2', '27001: A.9.2.6', '27002: 9.2.6', '27001: A.9.2.3', '27002: 9.2.3']}, {'ReferenceId': 'ISO/IEC 27001:2022, 27002:2022', 'Identifiers': ['27001: 5.1', '27001: 5.2', '27001: 7.3', '27001: 7.4', '27001: 7.5', '27001: 9.1', '27001: 9.3', '27001: A.5.1', '27001: A.5.4', '27001: A.5.17', '27001: A.6.3', '27001: A.8.5', '27001: A.5.37']}, {'ReferenceId': 'NIST 800-53 rev 5', 'Identifiers': ['AC-2', 'AC-2(3)', 'AC-2(11)', 'AC-3', 'AC-3(3)', 'AC-12', 'AC-12(1)', 'IA-2', 'IA-2(10)', 'IA-5', 'IA-5(1)', 'IA-5(18)']}, {'ReferenceId': 'NIST CSF v1.1', 'Identifiers': ['ID.GV-1', 'PR.AC-1', 'PR.AC-7']}, {'ReferenceId': 'NIST CSF v2.0', 'Identifiers': ['GV.PO-01', 'GV.PO-02', 'ID.IM-03', 'PR.AA-03']}, {'ReferenceId': 'PCI DSS v3.2.1', 'Identifiers': ['8.4', '12.1', '12.1.1', '12.11']}, {'ReferenceId': 'PCI DSS v4.0', 'Identifiers': ['8.1.1', '8.3.8']}];FAIL;IAM password policy does not require at least one uppercase letter.;arn:aws:iam:ap-southeast-2:213146990554:password-policy;213146990554;iam_password_policy_uppercase;False;CSA-CCM;CSA Cloud Controls Matrix (CCM) v4.0.13
aws;The Cloud Security Alliance (CSA) Cloud Controls Matrix (CCM) is a cybersecurity control framework for cloud computing, composed of 197 control objectives structured in 17 domains covering all key aspects of cloud technology. The CCM can be used as a tool for the systematic assessment of a cloud implementation, and provides guidance on which security controls should be implemented by which actor within the cloud supply chain.;213146990554;ap-southeast-2;2026-07-15 20:14:58.543427;IAM-05;Employ the least privilege principle when implementing information system access.;Identity & Access Management;Yes;Shared;Shared;Shared;[{'ReferenceId': 'AICPA TSC 2017', 'Identifiers': ['CC6.3']}, {'ReferenceId': 'CCM v3.0.1', 'Identifiers': ['IAM-02', 'IAM-06', 'IVS-11']}, {'ReferenceId': 'CIS v8.0', 'Identifiers': ['6.8']}, {'ReferenceId': 'ENX ISA v6.0', 'Identifiers': ['4.2.1']}, {'ReferenceId': 'ISF SOGP 2022', 'Identifiers': ['SA1.1']}, {'ReferenceId': 'ISO/IEC 27001:2013,27002:2013,27017:2015,27018:2019', 'Identifiers': ['27001: A.9.1.1', '27002: 9.1.1', '27001: A.9.1.2', '27002: 9.1.2', '27001: A.9.2.3', '27002: 9.2.3']}, {'ReferenceId': 'ISO/IEC 27001:2022, 27002:2022', 'Identifiers': ['27001: A.5.15', '27001: A.8.2', '27002:  5.15 (Other information 2nd (a))']}, {'ReferenceId': 'NIST 800-53 rev 5', 'Identifiers': ['AC-6', 'AC-6(4)', 'IA-12', 'IA-12(2)', 'IA-12(3)']}, {'ReferenceId': 'NIST CSF v1.1', 'Identifiers': ['PR.AC-4']}, {'ReferenceId': 'NIST CSF v2.0', 'Identifiers': ['PR.AA-05']}, {'ReferenceId': 'PCI DSS v3.2.1', 'Identifiers': ['7.1', '7.1.1', '7.1.2']}, {'ReferenceId': 'PCI DSS v4.0', 'Identifiers': ['7.2.1', '7.2.2', '7.2.5', '7.2.6']}];PASS;IAM Role Omico-2IDP does not have AdministratorAccess policy.;arn:aws:iam::213146990554:role/Omico-2IDP;Omico-2IDP;iam_role_administratoraccess_policy;False;CSA-CCM;CSA Cloud Controls Matrix (CCM) v4.0.13
aws;The Cloud Security Alliance (CSA) Cloud Controls Matrix (CCM) is a cybersecurity control framework for cloud computing, composed of 197 control objectives structured in 17 domains covering all key aspects of cloud technology. The CCM can be used as a tool for the systematic assessment of a cloud implementation, and provides guidance on which security controls should be implemented by which actor within the cloud supply chain.;213146990554;ap-southeast-2;2026-07-15 20:14:58.543427;IAM-09;Define, implement and evaluate processes, procedures and technical measures for the segregation of privileged access roles such that administrative access to data, encryption and key management capabilities and logging capabilities are distinct and separated.;Identity & Access Management;Yes;Shared;Shared;Shared;[{'ReferenceId': 'AICPA TSC 2017', 'Identifiers': ['CC5.1', 'CC6.1', 'CC6.3']}, {'ReferenceId': 'CIS v8.0', 'Identifiers': ['5.4']}, {'ReferenceId': 'ISF SOGP 2022', 'Identifiers': ['SA1.3']}, {'ReferenceId': 'ISO/IEC 27001:2013,27002:2013,27017:2015,27018:2019', 'Identifiers': ['27001: A.9.2.3', '27002: 9.2.3', '27017: 9.2.3', '27018: 9.2.3']}, {'ReferenceId': 'ISO/IEC 27001:2022, 27002:2022', 'Identifiers': ['27001: A.8.2', '27001: A.8.18', '27002: 8.2 (j)']}, {'ReferenceId': 'NIST 800-53 rev 5', 'Identifiers': ['AC-6', 'AC-3(7)', 'AC-6(4)', 'AC-6(8)', 'IA-5', 'IA-5(6)', 'IA-8', 'IA-8(4)']}, {'ReferenceId': 'NIST CSF v1.1', 'Identifiers': ['PR.AC-1', 'PR.AC-4']}, {'ReferenceId': 'NIST CSF v2.0', 'Identifiers': ['PR.AA-01', 'PR.AA-05']}, {'ReferenceId': 'PCI DSS v3.2.1', 'Identifiers': ['2.3', '3.5.2', '7.1.2', '7.1.1']}, {'ReferenceId': 'PCI DSS v4.0', 'Identifiers': ['3.6.1', '3.7.6', '6.5.3', '6.5.4', '7.2.1', '7.2.2', '10.3.1']}];PASS;IAM Role Omico-2IDP does not have AdministratorAccess policy.;arn:aws:iam::213146990554:role/Omico-2IDP;Omico-2IDP;iam_role_administratoraccess_policy;False;CSA-CCM;CSA Cloud Controls Matrix (CCM) v4.0.13
aws;The Cloud Security Alliance (CSA) Cloud Controls Matrix (CCM) is a cybersecurity control framework for cloud computing, composed of 197 control objectives structured in 17 domains covering all key aspects of cloud technology. The CCM can be used as a tool for the systematic assessment of a cloud implementation, and provides guidance on which security controls should be implemented by which actor within the cloud supply chain.;213146990554;ap-southeast-2;2026-07-15 20:14:58.543427;IAM-10;Define and implement an access process to ensure privileged access roles and rights are granted for a time limited period, and implement procedures to prevent the culmination of segregated privileged access.;Identity & Access Management;Yes;Shared;Shared;Shared;[{'ReferenceId': 'AICPA TSC 2017', 'Identifiers': ['CC6.1', 'CC6.2', 'CC6.3']}, {'ReferenceId': 'CIS v8.0', 'Identifiers': ['5.1', '6.5']}, {'ReferenceId': 'ISF SOGP 2022', 'Identifiers': ['SA1.3']}, {'ReferenceId': 'ISO/IEC 27001:2013,27002:2013,27017:2015,27018:2019', 'Identifiers': ['27001: A.9.2.3', '27002: 9.2.3', '27017: 9.2.3', '27018: 9.2.3', '27001: A.9.4.4', '27002: 9.4.4', '27017: 9.4.4']}, {'ReferenceId': 'ISO/IEC 27001:2022, 27002:2022', 'Identifiers': ['27001: A.8.2', '27001: A.8.18', '27002: 8.2 (i)']}, {'ReferenceId': 'NIST 800-53 rev 5', 'Identifiers': ['AC-2', 'AC-2(7)', 'AC-3', 'AC-3(4)', 'AC-3(11)', 'AC-3(13)', 'AC-3(14)', 'AC-6', 'AC-6(4)', 'AC-6(5)', 'AC-6(8)', 'AC-12', 'AC-12(3)', 'AC-17', 'AC-17(4)', 'IA-8', 'IA-8(4)']}, {'ReferenceId': 'NIST CSF v1.1', 'Identifiers': ['PR.AC-4']}, {'ReferenceId': 'NIST CSF v2.0', 'Identifiers': ['PR.AA-05']}, {'ReferenceId': 'PCI DSS v3.2.1', 'Identifiers': ['7.1']}, {'ReferenceId': 'PCI DSS v4.0', 'Identifiers': ['7.2.1', '7.2.2']}];PASS;IAM Role Omico-2IDP does not have ReadOnlyAccess policy.;arn:aws:iam::213146990554:role/Omico-2IDP;Omico-2IDP;iam_role_cross_account_readonlyaccess_policy;False;CSA-CCM;CSA Cloud Controls Matrix (CCM) v4.0.13
aws;The Cloud Security Alliance (CSA) Cloud Controls Matrix (CCM) is a cybersecurity control framework for cloud computing, composed of 197 control objectives structured in 17 domains covering all key aspects of cloud technology. The CCM can be used as a tool for the systematic assessment of a cloud implementation, and provides guidance on which security controls should be implemented by which actor within the cloud supply chain.;213146990554;ap-southeast-2;2026-07-15 20:14:58.543427;IAM-10;Define and implement an access process to ensure privileged access roles and rights are granted for a time limited period, and implement procedures to prevent the culmination of segregated privileged access.;Identity & Access Management;Yes;Shared;Shared;Shared;[{'ReferenceId': 'AICPA TSC 2017', 'Identifiers': ['CC6.1', 'CC6.2', 'CC6.3']}, {'ReferenceId': 'CIS v8.0', 'Identifiers': ['5.1', '6.5']}, {'ReferenceId': 'ISF SOGP 2022', 'Identifiers': ['SA1.3']}, {'ReferenceId': 'ISO/IEC 27001:2013,27002:2013,27017:2015,27018:2019', 'Identifiers': ['27001: A.9.2.3', '27002: 9.2.3', '27017: 9.2.3', '27018: 9.2.3', '27001: A.9.4.4', '27002: 9.4.4', '27017: 9.4.4']}, {'ReferenceId': 'ISO/IEC 27001:2022, 27002:2022', 'Identifiers': ['27001: A.8.2', '27001: A.8.18', '27002: 8.2 (i)']}, {'ReferenceId': 'NIST 800-53 rev 5', 'Identifiers': ['AC-2', 'AC-2(7)', 'AC-3', 'AC-3(4)', 'AC-3(11)', 'AC-3(13)', 'AC-3(14)', 'AC-6', 'AC-6(4)', 'AC-6(5)', 'AC-6(8)', 'AC-12', 'AC-12(3)', 'AC-17', 'AC-17(4)', 'IA-8', 'IA-8(4)']}, {'ReferenceId': 'NIST CSF v1.1', 'Identifiers': ['PR.AC-4']}, {'ReferenceId': 'NIST CSF v2.0', 'Identifiers': ['PR.AA-05']}, {'ReferenceId': 'PCI DSS v3.2.1', 'Identifiers': ['7.1']}, {'ReferenceId': 'PCI DSS v4.0', 'Identifiers': ['7.2.1', '7.2.2']}];FAIL;IAM Service Role Amazon_EventBridge_Invoke_Step_Functions_347775329 does not prevent against a cross-service confused deputy attack.;arn:aws:iam::213146990554:role/service-role/Amazon_EventBridge_Invoke_Step_Functions_347775329;Amazon_EventBridge_Invoke_Step_Functions_347775329;iam_role_cross_service_confused_deputy_prevention;False;CSA-CCM;CSA Cloud Controls Matrix (CCM) v4.0.13
aws;The Cloud Security Alliance (CSA) Cloud Controls Matrix (CCM) is a cybersecurity control framework for cloud computing, composed of 197 control objectives structured in 17 domains covering all key aspects of cloud technology. The CCM can be used as a tool for the systematic assessment of a cloud implementation, and provides guidance on which security controls should be implemented by which actor within the cloud supply chain.;213146990554;ap-southeast-2;2026-07-15 20:14:58.543427;IAM-10;Define and implement an access process to ensure privileged access roles and rights are granted for a time limited period, and implement procedures to prevent the culmination of segregated privileged access.;Identity & Access Management;Yes;Shared;Shared;Shared;[{'ReferenceId': 'AICPA TSC 2017', 'Identifiers': ['CC6.1', 'CC6.2', 'CC6.3']}, {'ReferenceId': 'CIS v8.0', 'Identifiers': ['5.1', '6.5']}, {'ReferenceId': 'ISF SOGP 2022', 'Identifiers': ['SA1.3']}, {'ReferenceId': 'ISO/IEC 27001:2013,27002:2013,27017:2015,27018:2019', 'Identifiers': ['27001: A.9.2.3', '27002: 9.2.3', '27017: 9.2.3', '27018: 9.2.3', '27001: A.9.4.4', '27002: 9.4.4', '27017: 9.4.4']}, {'ReferenceId': 'ISO/IEC 27001:2022, 27002:2022', 'Identifiers': ['27001: A.8.2', '27001: A.8.18', '27002: 8.2 (i)']}, {'ReferenceId': 'NIST 800-53 rev 5', 'Identifiers': ['AC-2', 'AC-2(7)', 'AC-3', 'AC-3(4)', 'AC-3(11)', 'AC-3(13)', 'AC-3(14)', 'AC-6', 'AC-6(4)', 'AC-6(5)', 'AC-6(8)', 'AC-12', 'AC-12(3)', 'AC-17', 'AC-17(4)', 'IA-8', 'IA-8(4)']}, {'ReferenceId': 'NIST CSF v1.1', 'Identifiers': ['PR.AC-4']}, {'ReferenceId': 'NIST CSF v2.0', 'Identifiers': ['PR.AA-05']}, {'ReferenceId': 'PCI DSS v3.2.1', 'Identifiers': ['7.1']}, {'ReferenceId': 'PCI DSS v4.0', 'Identifiers': ['7.2.1', '7.2.2']}];FAIL;IAM Service Role backups-progress-role-11zn78wb does not prevent against a cross-service confused deputy attack.;arn:aws:iam::213146990554:role/service-role/backups-progress-role-11zn78wb;backups-progress-role-11zn78wb;iam_role_cross_service_confused_deputy_prevention;False;CSA-CCM;CSA Cloud Controls Matrix (CCM) v4.0.13
aws;The Cloud Security Alliance (CSA) Cloud Controls Matrix (CCM) is a cybersecurity control framework for cloud computing, composed of 197 control objectives structured in 17 domains covering all key aspects of cloud technology. The CCM can be used as a tool for the systematic assessment of a cloud implementation, and provides guidance on which security controls should be implemented by which actor within the cloud supply chain.;213146990554;ap-southeast-2;2026-07-15 20:14:58.543427;IAM-10;Define and implement an access process to ensure privileged access roles and rights are granted for a time limited period, and implement procedures to prevent the culmination of segregated privileged access.;Identity & Access Management;Yes;Shared;Shared;Shared;[{'ReferenceId': 'AICPA TSC 2017', 'Identifiers': ['CC6.1', 'CC6.2', 'CC6.3']}, {'ReferenceId': 'CIS v8.0', 'Identifiers': ['5.1', '6.5']}, {'ReferenceId': 'ISF SOGP 2022', 'Identifiers': ['SA1.3']}, {'ReferenceId': 'ISO/IEC 27001:2013,27002:2013,27017:2015,27018:2019', 'Identifiers': ['27001: A.9.2.3', '27002: 9.2.3', '27017: 9.2.3', '27018: 9.2.3', '27001: A.9.4.4', '27002: 9.4.4', '27017: 9.4.4']}, {'ReferenceId': 'ISO/IEC 27001:2022, 27002:2022', 'Identifiers': ['27001: A.8.2', '27001: A.8.18', '27002: 8.2 (i)']}, {'ReferenceId': 'NIST 800-53 rev 5', 'Identifiers': ['AC-2', 'AC-2(7)', 'AC-3', 'AC-3(4)', 'AC-3(11)', 'AC-3(13)', 'AC-3(14)', 'AC-6', 'AC-6(4)', 'AC-6(5)', 'AC-6(8)', 'AC-12', 'AC-12(3)', 'AC-17', 'AC-17(4)', 'IA-8', 'IA-8(4)']}, {'ReferenceId': 'NIST CSF v1.1', 'Identifiers': ['PR.AC-4']}, {'ReferenceId': 'NIST CSF v2.0', 'Identifiers': ['PR.AA-05']}, {'ReferenceId': 'PCI DSS v3.2.1', 'Identifiers': ['7.1']}, {'ReferenceId': 'PCI DSS v4.0', 'Identifiers': ['7.2.1', '7.2.2']}];FAIL;IAM Service Role backups-trigger-lambda-function-role does not prevent against a cross-service confused deputy attack.;arn:aws:iam::213146990554:role/service-role/backups-trigger-lambda-function-role;backups-trigger-lambda-function-role;iam_role_cross_service_confused_deputy_prevention;False;CSA-CCM;CSA Cloud Controls Matrix (CCM) v4.0.13
aws;The Cloud Security Alliance (CSA) Cloud Controls Matrix (CCM) is a cybersecurity control framework for cloud computing, composed of 197 control objectives structured in 17 domains covering all key aspects of cloud technology. The CCM can be used as a tool for the systematic assessment of a cloud implementation, and provides guidance on which security controls should be implemented by which actor within the cloud supply chain.;213146990554;ap-southeast-2;2026-07-15 20:14:58.543427;IAM-10;Define and implement an access process to ensure privileged access roles and rights are granted for a time limited period, and implement procedures to prevent the culmination of segregated privileged access.;Identity & Access Management;Yes;Shared;Shared;Shared;[{'ReferenceId': 'AICPA TSC 2017', 'Identifiers': ['CC6.1', 'CC6.2', 'CC6.3']}, {'ReferenceId': 'CIS v8.0', 'Identifiers': ['5.1', '6.5']}, {'ReferenceId': 'ISF SOGP 2022', 'Identifiers': ['SA1.3']}, {'ReferenceId': 'ISO/IEC 27001:2013,27002:2013,27017:2015,27018:2019', 'Identifiers': ['27001: A.9.2.3', '27002: 9.2.3', '27017: 9.2.3', '27018: 9.2.3', '27001: A.9.4.4', '27002: 9.4.4', '27017: 9.4.4']}, {'ReferenceId': 'ISO/IEC 27001:2022, 27002:2022', 'Identifiers': ['27001: A.8.2', '27001: A.8.18', '27002: 8.2 (i)']}, {'ReferenceId': 'NIST 800-53 rev 5', 'Identifiers': ['AC-2', 'AC-2(7)', 'AC-3', 'AC-3(4)', 'AC-3(11)', 'AC-3(13)', 'AC-3(14)', 'AC-6', 'AC-6(4)', 'AC-6(5)', 'AC-6(8)', 'AC-12', 'AC-12(3)', 'AC-17', 'AC-17(4)', 'IA-8', 'IA-8(4)']}, {'ReferenceId': 'NIST CSF v1.1', 'Identifiers': ['PR.AC-4']}, {'ReferenceId': 'NIST CSF v2.0', 'Identifiers': ['PR.AA-05']}, {'ReferenceId': 'PCI DSS v3.2.1', 'Identifiers': ['7.1']}, {'ReferenceId': 'PCI DSS v4.0', 'Identifiers': ['7.2.1', '7.2.2']}];FAIL;IAM Service Role StepFunctions-ConfluenceBackupStepFunctionTest-role-xzrbs7uh9 does not prevent against a cross-service confused deputy attack.;arn:aws:iam::213146990554:role/service-role/StepFunctions-ConfluenceBackupStepFunctionTest-role-xzrbs7uh9;StepFunctions-ConfluenceBackupStepFunctionTest-role-xzrbs7uh9;iam_role_cross_service_confused_deputy_prevention;False;CSA-CCM;CSA Cloud Controls Matrix (CCM) v4.0.13
aws;The Cloud Security Alliance (CSA) Cloud Controls Matrix (CCM) is a cybersecurity control framework for cloud computing, composed of 197 control objectives structured in 17 domains covering all key aspects of cloud technology. The CCM can be used as a tool for the systematic assessment of a cloud implementation, and provides guidance on which security controls should be implemented by which actor within the cloud supply chain.;213146990554;ap-east-1;2026-07-15 20:14:58.543427;DCS-06;Catalogue and track all relevant physical and logical assets located at all of the CSP's sites within a secured system.;Datacenter Security;Yes;Shared;Shared;Shared;[{'ReferenceId': 'AICPA TSC 2017', 'Identifiers': ['CC6.1']}, {'ReferenceId': 'CCM v3.0.1', 'Identifiers': ['DCS - 01']}, {'ReferenceId': 'CIS v8.0', 'Identifiers': ['1.1', '2.1']}, {'ReferenceId': 'ENX ISA v6.0', 'Identifiers': ['1.3.1']}, {'ReferenceId': 'ISF SOGP 2022', 'Identifiers': ['SM2.6']}, {'ReferenceId': 'ISO/IEC 27001:2013,27002:2013,27017:2015,27018:2019', 'Identifiers': ['27001: A.8.1.1', '27002: 8.1.1', '27017: 8.1.1']}, {'ReferenceId': 'ISO/IEC 27001:2022, 27002:2022', 'Identifiers': ['27001: A.5.9']}, {'ReferenceId': 'NIST 800-53 rev 5', 'Identifiers': ['CM-8', 'CM-8(1)', 'CM-8(2)', 'CM-8(4)', 'CM-8(7)', 'CM-8(8)']}, {'ReferenceId': 'NIST CSF v1.1', 'Identifiers': ['ID.AM-1', 'ID.AM-2', 'ID.AM-4', 'PR.AC-4']}, {'ReferenceId': 'NIST CSF v2.0', 'Identifiers': ['ID.AM-01', 'ID.AM-02', 'ID.AM-04']}, {'ReferenceId': 'PCI DSS v3.2.1', 'Identifiers': ['2.4', '9.7.1', '9.9.1', '9.9.1.a', '9.9.1.b', '9.9.1.c', '12.3.3', '12.3.4']}, {'ReferenceId': 'PCI DSS v4.0', 'Identifiers': ['3.6.1.1', '6.3.2', '9.4.2', '9.4.3', '12.5.1']}];PASS;Resource Explorer Indexes found: 18.;arn:aws:resource-explorer-2:ap-east-1:213146990554:index/6bf169a8-fb1b-4eb2-98c8-09541690067b;213146990554;resourceexplorer2_indexes_found;False;CSA-CCM;CSA Cloud Controls Matrix (CCM) v4.0.13
